SellerID,Name,Link,ImageURL
0,0,0,0
1828,Mac&More,https://tiki.vn/cua-hang/mac-more,96/78/d8/675443c104100fd24fee9c57f3f79fa6.jpg
52525,An Khang Computer,https://tiki.vn/cua-hang/an-khang-computer,cf/bd/dd/88c80230fb386b035b99f7697378a438.png
52525,An Khang Computer,https://tiki.vn/cua-hang/an-khang-computer,https://vcdn.tikicdn.com/ts/seller/cf/bd/dd/88c80230fb386b035b99f7697378a438.png
33284,Ben Computer,https://tiki.vn/cua-hang/ben-computer,c6/a5/1a/5243848c5f08ddcfc08ff0019fe5ed27.jpg
11119,GIA DỤNG VIỆT,https://tiki.vn/cua-hang/nguyen-van-thang,47/20/4f/9800dd1b2ca67db582030ded1dc700b3.png
12854,ThuanThienTs,https://tiki.vn/cua-hang/thuanthients,https://vcdn.tikicdn.com/ts/seller/de/e1/fa/5e205d4b1e4b52bc22c1ee3932db472f.jpg
212607,Nguyễn Kim Official,https://tiki.vn/cua-hang/nguyen-kim-official,c2/4f/4c/0d2d1291731bfeed9ae2597dfa008668.jpg
12395,Vi Tính Lê Huy,https://tiki.vn/cua-hang/vi-tinh-le-huy,46/bf/c5/9c567925e5c8a3aa84c67159d8a4946c.png
27572,NGUYENVUSTORE,https://tiki.vn/cua-hang/nguyenvustore,https://vcdn.tikicdn.com/ts/seller/fb/20/68/f0a6ed78fc9b961c64df752f2f01d90d.jpg
45223,Bảo Hân Treasures,https://tiki.vn/cua-hang/bao-han-treasures,e8/cb/21/9589a13e3034a858189221ec17823fec.jpg
30787,AN PHAT COMPUTER,https://tiki.vn/cua-hang/an-phat-computer-can-tho,6e/96/79/ce7c62995c8844602cff5100e7e988f4.png
13093,CÔNG TY VILOCOM,https://tiki.vn/cua-hang/cong-ty-vilocom,e9/10/4f/f59dc1df6af969f7dfd9afd564a0d2c0.jpg
167560,Việt Hưng VHC,https://tiki.vn/cua-hang/viet-hung-vhc,
27572,NGUYENVUSTORE,https://tiki.vn/cua-hang/nguyenvustore,fb/20/68/f0a6ed78fc9b961c64df752f2f01d90d.jpg
60386,VNB STORE,https://tiki.vn/cua-hang/vnb-store,https://vcdn.tikicdn.com/ts/seller/5c/74/9a/02cd69f87b407920174dfe87efdaf2b1.jpg
45223,Bảo Hân Treasures,https://tiki.vn/cua-hang/bao-han-treasures,https://vcdn.tikicdn.com/ts/seller/e8/cb/21/9589a13e3034a858189221ec17823fec.jpg
150169,CuongTriNguyen,https://tiki.vn/cua-hang/cuongtringuyen,https://vcdn.tikicdn.com/ts/seller/4b/54/1a/f385a79a716cb3505f152e7af8c769aa.png
9316,TD Computer,https://tiki.vn/cua-hang/td-computer,65/da/11/5d5f6d3b985ab492c43f3da7bb022db9.jpg
106065,vi tính NIC,https://tiki.vn/cua-hang/vi-tinh-nic,54/87/2d/afa9c8be8570b8e02214891778c56b22.jpg
11020,Hà Bắc Computer,https://tiki.vn/cua-hang/ha-bac-computer,0e/3b/ec/1fde27eeb8fa2e286546ec039ed86dd6.jpg
1,Tiki Trading,https://tiki.vn/cua-hang/tiki-trading,21/ce/5c/b52d0b8576680dc3666474ae31b091ec.jpg
1,Tiki Trading,https://tiki.vn/cua-hang/tiki-trading,https://vcdn.tikicdn.com/ts/seller/21/ce/5c/b52d0b8576680dc3666474ae31b091ec.jpg
179232,THẮNG THAO MOBILE,https://tiki.vn/cua-hang/thang-thao-mobile,https://vcdn.tikicdn.com/ts/seller/83/e1/c3/2c071fbb04d92608a1dbdf96f7269ca3.jpg
353214,Samsung Flagship Store,https://tiki.vn/cua-hang/samsung-flagship-store,https://vcdn.tikicdn.com/ts/seller/21/e7/68/f72cd1b7ebdb2360e68f555f535965dd.jpg
20704,HAPPY PHONE,https://tiki.vn/cua-hang/happy-phone,fe/ae/60/d8930ca5352cc8100e8bf31758593614.jpg
29952,Hồng Hạnh Mobile,https://tiki.vn/cua-hang/hong-hanh-mobile,https://vcdn.tikicdn.com/ts/seller/e8/09/c9/d7ba4998e3f8db0139e9864134770b8a.jpg
10016,Antam Trading,https://tiki.vn/cua-hang/phu-kien-an-tam,e0/15/37/95dda81c0423b26033f3d3176c735392.jpg
325466,LONG TÂM Mobile,https://tiki.vn/cua-hang/long-tam-mobile,ba/85/b7/8c2f9bf886f8eafdf42b4fd23cf18031.jpg
162514,Long Hưng TechZone,https://tiki.vn/cua-hang/long-hung-techzone,https://vcdn.tikicdn.com/ts/seller/b2/cf/f3/b221778b5f611db85b108bdd0e80410d.jpg
29952,Hồng Hạnh Mobile,https://tiki.vn/cua-hang/hong-hanh-mobile,e8/09/c9/d7ba4998e3f8db0139e9864134770b8a.jpg
7934,Máy tính Lanh Dung,https://tiki.vn/cua-hang/may-tinh-lanh-dung,36/ee/69/4bac0faa8f2af2c9bd87310e783e9b7f.jpg
3103,Vi Tính Chí Cường,https://tiki.vn/cua-hang/vi-tinh-chi-cuong,https://vcdn.tikicdn.com/ts/seller/4c/19/8d/8cdb859377060f1871ad8c0ce677ad65.jpg
3103,Vi Tính Chí Cường,https://tiki.vn/cua-hang/vi-tinh-chi-cuong,4c/19/8d/8cdb859377060f1871ad8c0ce677ad65.jpg
1377,Vi Tính Bảo An,https://tiki.vn/cua-hang/vi-tinh-bao-an,6d/b1/8e/376ca7e2b13cd2285cbfd75fbca16509.jpg
243962,Samsung Brand Store,https://tiki.vn/cua-hang/samsung-brand-store,5d/23/b6/63fdb1a54a8da8609586b73c350a544d.jpg
243962,Samsung Brand Store,https://tiki.vn/cua-hang/samsung-brand-store,https://vcdn.tikicdn.com/ts/seller/5d/23/b6/63fdb1a54a8da8609586b73c350a544d.jpg
19766,ZAMACO AUDIO,https://tiki.vn/cua-hang/zamaco-audio,https://vcdn.tikicdn.com/ts/seller/4b/54/1a/f385a79a716cb3505f152e7af8c769aa.png
58532,Trương Thiên Long,https://tiki.vn/cua-hang/truong-thien-long,3b/ed/c6/daaba1cb0f3511dfa85228c872e85099.jpg
783,Lưu Trữ Sài Gòn,https://tiki.vn/cua-hang/luu-tru-sai-gon,58/5b/92/30ea4b64d55c3b0b5b274c5f0e967255.png
25203,Lagihitech2,https://tiki.vn/cua-hang/lagihitech2,1a/d6/f3/696a246a8ef3b7dbb645e83a5987908d.png
783,Lưu Trữ Sài Gòn,https://tiki.vn/cua-hang/luu-tru-sai-gon,https://vcdn.tikicdn.com/ts/seller/58/5b/92/30ea4b64d55c3b0b5b274c5f0e967255.png
915,Nova Computer,https://tiki.vn/cua-hang/nova-computer,https://vcdn.tikicdn.com/ts/seller/12/55/4c/325a571c8bb059904a3bae1811284012.jpg
121374,Thanh Giác,https://tiki.vn/cua-hang/thanh-giac,https://vcdn.tikicdn.com/ts/seller/1d/81/db/7a33447619baad0156bdef566d58094b.jpg
128476,MKL Quốc Tế,https://tiki.vn/cua-hang/mkl-quoc-te,05/30/0b/1e406715c4c10fbe9c7cb8a0b6d4606d.jpg
25203,Lagihitech2,https://tiki.vn/cua-hang/lagihitech2,https://vcdn.tikicdn.com/ts/seller/1a/d6/f3/696a246a8ef3b7dbb645e83a5987908d.png
156976,CIVIP Technology,https://tiki.vn/cua-hang/civip-technology,10/b8/52/164b471eba24fc49fbb06ff33d0935a3.jpg
60710,Quảng Tin Store,https://tiki.vn/cua-hang/thiet-bi-tin-hoc-quang-tin,d9/99/0f/e11273c93512b75bd6959b3a591e7a88.jpg
2170,Hangchinhhieu(TP.HCM),https://tiki.vn/cua-hang/hangchinhhieutphcm,dc/25/7b/85fe7411245130d14ddb5211ffc1d672.png
1377,Vi Tính Bảo An,https://tiki.vn/cua-hang/vi-tinh-bao-an,https://vcdn.tikicdn.com/ts/seller/6d/b1/8e/376ca7e2b13cd2285cbfd75fbca16509.jpg
41387,HP Official Store,https://tiki.vn/cua-hang/hp-official-store,bf/ee/ce/74caf67db1b24f9413f7197a1cdc4127.png
41387,HP Official Store,https://tiki.vn/cua-hang/hp-official-store,https://vcdn.tikicdn.com/ts/seller/bf/ee/ce/74caf67db1b24f9413f7197a1cdc4127.png
34716,GiaPhucStore,https://tiki.vn/cua-hang/giaphucstore,ae/7b/02/aa5a3c57083e649536b88024fc51ab95.jpg
282372,HP Flagship Ben Computer Store,https://tiki.vn/cua-hang/hp-flagship-ben-computer-store,5d/df/39/075ce2285dc56968cd763aa7a3b9cf9a.jpg
2859,Bataca,https://tiki.vn/cua-hang/bataca,https://vcdn.tikicdn.com/ts/seller/f9/63/d3/de6b57d6f8a0061b72cf6e6bbfebdead.jpg
34716,GiaPhucStore,https://tiki.vn/cua-hang/giaphucstore,https://vcdn.tikicdn.com/ts/seller/ae/7b/02/aa5a3c57083e649536b88024fc51ab95.jpg
125381,Máy in A0,https://tiki.vn/cua-hang/may-in-a0,40/b4/ef/ab9d20b6db72fd61d0928ed800500e0b.jpg
14053,LE TRAN GIA,https://tiki.vn/cua-hang/le-tran-gia,6c/44/05/40133e7906e6c27127edb078488b861d.png
156976,CIVIP Technology,https://tiki.vn/cua-hang/civip-technology,https://vcdn.tikicdn.com/ts/seller/10/b8/52/164b471eba24fc49fbb06ff33d0935a3.jpg
168455,Mực In Xerox,https://tiki.vn/cua-hang/muc-in-xerox,d2/94/b3/687ea957fac6de97659048f262108ae6.jpg
50815,Mực in Trang Phước Tài,https://tiki.vn/cua-hang/muc-in-trang-phuoc-tai,
19553,Trung Việt Hưng Shop,https://tiki.vn/cua-hang/trung-viet-hung-shop,https://vcdn.tikicdn.com/ts/seller/bd/9a/bc/192a6ecc8a92c3d64dd9ce1da8a90255.jpg
19920,Cửa Hàng Nam Phương Bạc Liêu,https://tiki.vn/cua-hang/cua-hang-nam-phuong-bac-lieu,
30787,AN PHAT COMPUTER,https://tiki.vn/cua-hang/an-phat-computer-can-tho,https://vcdn.tikicdn.com/ts/seller/6e/96/79/ce7c62995c8844602cff5100e7e988f4.png
272888,CPN Store,https://tiki.vn/cua-hang/cpn-official-store,c8/9f/40/dcbedee82dc4fb3558056787d6dc5a62.jpg
9316,TD Computer,https://tiki.vn/cua-hang/td-computer,https://vcdn.tikicdn.com/ts/seller/65/da/11/5d5f6d3b985ab492c43f3da7bb022db9.jpg
212607,Nguyễn Kim Official,https://tiki.vn/cua-hang/nguyen-kim-official,https://vcdn.tikicdn.com/ts/seller/c2/4f/4c/0d2d1291731bfeed9ae2597dfa008668.jpg
296464,Samsung Memory Official Store,https://tiki.vn/cua-hang/samsung-memory-official-store,85/d7/5f/1de58bc0cb75d0a3805669cc9f78f009.jpg
125381,Máy in A0,https://tiki.vn/cua-hang/may-in-a0,https://vcdn.tikicdn.com/ts/seller/40/b4/ef/ab9d20b6db72fd61d0928ed800500e0b.jpg
