title,price,rating,reviews,availability
Apple iPhone 15 Pro Max Silicone Case with MagSafe - Light Pink ​​​​​​​,$49.00,4.3 out of 5 stars,"1,152 ratings",In Stock
Apple iPhone FineWoven Wallet with MagSafe - Taupe ​​​​​​​,$59.00,4.0 out of 5 stars,650 ratings,In Stock
"Apple iPhone 12, 64GB, Black - Fully Unlocked (Renewed)",$397.76,4.2 out of 5 stars,"17,083 ratings",Only 9 left in stock - order soon.
"Apple iPhone X, Fully Unlocked 5.8"", 256 GB - Space Gray","$1,104.03",4.4 out of 5 stars,85 ratings,Temporarily out of stock.
"Google Pixel 8 - Unlocked Android Smartphone with Advanced Pixel Camera, 24-Hour Battery, and Powerful Security - Hazel - 128 GB",$549.00,4.3 out of 5 stars,579 ratings,In Stock
New Simple Mobile Prepaid - Apple iPhone SE (64GB) - (Product) RED [Locked to Carrier - Simple Mobile],$399.00,3.4 out of 5 stars,5 ratings,In Stock
"Apple iPhone 8 4.7"", 64 GB, Fully Unlocked, Silver",$705.02,4.2 out of 5 stars,89 ratings,Temporarily out of stock.
"Apple iPhone X, GSM Unlocked 5.8"", 256 GB - Space Gray","$1,104.03",3.9 out of 5 stars,223 ratings,Temporarily out of stock.
"Apple iPhone 8 4.7"", 64 GB, GSM Unlocked, Space Gray",$705.02,4.1 out of 5 stars,25 ratings,Temporarily out of stock.
"Apple iPhone 7 128 GB Unlocked, Silver International Version",$649.00,4.3 out of 5 stars,82 ratings,Temporarily out of stock.
"Apple iPhone 8 Plus 5.5"", 64 GB, Fully Unlocked, Silver",$804.03,3.8 out of 5 stars,16 ratings,Temporarily out of stock.
"Apple iPhone 8 Plus 5.5"", 64 GB, GSM Unlocked, Space Gray",$804.03,4.2 out of 5 stars,22 ratings,Temporarily out of stock.
"Apple iPhone 5C 32 GB Sprint, Green",,5.0 out of 5 stars,4 ratings,Not Available
Apple iPhone 8 64GB Unlocked - Gold,,4.3 out of 5 stars,37 ratings,Not Available
"Apple iPhone 11 Pro Max, US Version, 512GB, Midnight Green - Unlocked (Renewed)",$450.00,4.3 out of 5 stars,"15,219 ratings",Only 15 left in stock (more on the way).
Apple iPhone 7 32GB Unlocked - Black,,3.7 out of 5 stars,10 ratings,Not Available
"Tracfone Apple iPhone SE 5G (3rd Generation), 64GB, Black - Prepaid Smartphone (Locked)",,3.1 out of 5 stars,31 ratings,Not Available
Tracfone Apple iPhone 8 Plus 4G LTE Prepaid Smartphone - 64GB - Space Gray - Carrier Locked,,4.3 out of 5 stars,55 ratings,Not Available
