Title,Rating,Image URL
"JETech Case for iPhone 12 Pro Max 6.7-Inch, Non-Yellowing Shockproof Phone Bumper Cover, Anti-Scratch Clear Back (Clear)",4.6 out of 5 stars,https://m.media-amazon.com/images/I/61fiNGjsYUL.__AC_SX300_SY300_QL70_ML2_.jpg
OTTERBOX COMMUTER SERIES Case for iPhone 12 Pro Max - BESPOKE WAY (BLAZER BLUE/STORMY SEAS BLUE),4.6 out of 5 stars,https://m.media-amazon.com/images/I/51lsw+n0i+L._AC_SY300_SX300_.jpg
OtterBox Defender Series Screenless Edition Case for iPhone 13 Pro Max & iPhone 12 Pro Max (Only) - Case Only - Microbial Defense Protection - Non-Retail Packaging - Black,4.7 out of 5 stars,https://m.media-amazon.com/images/I/71gXfbUfufL.__AC_SX300_SY300_QL70_ML2_.jpg
"OtterBox iPhone 13 Pro Max & iPhone 12 Pro Max Symmetry Series Case - BLACK, ultra-sleek, wireless charging compatible, raised edges protect camera & screen",4.5 out of 5 stars,https://m.media-amazon.com/images/I/618F7K4RldL.__AC_SX300_SY300_QL70_ML2_.jpg
"OtterBox iPhone 13 Pro Max and iPhone 12 Pro Max Symmetry Series+ Case - Clear , ultra-sleek, snaps to MagSafe, raised edges protect camera & screen",4.5 out of 5 stars,https://m.media-amazon.com/images/I/6173ZpI--QL.__AC_SX300_SY300_QL70_ML2_.jpg
"OtterBox iPhone 13 Pro Max & iPhone 12 Pro Max Commuter Series Case - ROCK SKIP WAY, slim & tough, pocket-friendly, with port protection, 7.09 x 4.33 x 0.83 inches",4.6 out of 5 stars,https://m.media-amazon.com/images/I/61kQg2ARtNL.__AC_SX300_SY300_QL70_ML2_.jpg
"SAMSUNG Galaxy S24 Ultra Cell Phone, 512GB AI Smartphone, Unlocked Android, 50MP Zoom Camera, Long Battery Life, S Pen, US Version, 2024, Titanium Yellow",3.8 out of 5 stars,https://m.media-amazon.com/images/I/71ZoDT7a2wL.__AC_SX300_SY300_QL70_ML2_.jpg
OtterBox SYMMETRY CLEAR SERIES Case for iPhone 12 Pro Max - STARDUST (SILVER FLAKE/CLEAR),4.5 out of 5 stars,https://m.media-amazon.com/images/I/61Cg7OVY11L.__AC_SX300_SY300_QL70_ML2_.jpg
"Motorola Think Phone | 2023 | Unlocked | Made for US 8/256GB | 50MP Camera | Volcanic Gray, 6.6 inches",4.2 out of 5 stars,https://m.media-amazon.com/images/I/61U3J32ttyL.__AC_SX300_SY300_QL70_ML2_.jpg
"DJI Osmo Mobile 6, 3-Axis Phone Gimbal, Object Tracking, Built-in Extension Rod, Portable and Foldable, Android and iPhone Gimbal, Vlogging Stabilizer, YouTube TikTok Video, Platinum Gray",4.6 out of 5 stars,https://m.media-amazon.com/images/I/51tM13khkIL.__AC_SX300_SY300_QL70_ML2_.jpg
"OTOFLY for iPhone 12 Pro Max Case, Military-Grade Protection, Shockproof Silicone, Anti-Fingerprint & Anti-Slip, Phone Case for iPhone 12 Pro Max, Fluorescent Yellow",4.5 out of 5 stars,https://m.media-amazon.com/images/I/61+Kvv3-47L._AC_SY300_SX300_.jpg
OtterBox DEFENDER SERIES XT SCREENLESS EDITION Case for iPhone 12 Pro Max - BLACK,4.5 out of 5 stars,https://m.media-amazon.com/images/I/51tmRfNTFkL.__AC_SX300_SY300_QL70_ML2_.jpg
"PopSockets iPhone 12 Pro Max Case with Phone Grip and Slide Compatible with Magsafe, Phone Case for iPhone 12 Pro Max, Wireless Charging Compatible - Black",4.2 out of 5 stars,https://m.media-amazon.com/images/I/41U9iHtuK0L.__AC_SX300_SY300_QL70_ML2_.jpg
"Wireless Car Charger, CHGeek 15W Qi Fast Auto Clamping Car Charger Phone Mount Windshield Air Vent Phone Holder for iPhone 14 13 12 Mini Pro Max 11 Xs, Samsung Galaxy S22+ S21 S10+ Note 20",4.3 out of 5 stars,https://m.media-amazon.com/images/I/71qLRg58VoL.__AC_SX300_SY300_QL70_ML2_.jpg
OtterBox SYMMETRY SERIES Case for iPhone 12 Pro Max - CAKE POP (ORCHID/ROSEBUD),4.6 out of 5 stars,https://m.media-amazon.com/images/I/51HQsltUJQL.__AC_SX300_SY300_QL70_ML2_.jpg
Spigen Ultra Hybrid Designed for iPhone 12 Pro Max Case (2020) - Navy Blue,4.6 out of 5 stars,https://m.media-amazon.com/images/I/61eivltvyFL.__AC_SX300_SY300_QL70_ML2_.jpg
iOttie Velox Pro MagSafe Compatible Dash & Windshield Car Mount with Wireless Charging & CryoFlow™ Cooling System. Compatible with MagSafe iPhones Including iPhone 12/13/14/15 (Car Charger Included),3.7 out of 5 stars,https://m.media-amazon.com/images/I/61DavGI6RLL.__AC_SX300_SY300_QL70_ML2_.jpg
"USB C Cable, INIU (2-Pack 6.6ft) 100W PD 5A QC 4.0 Fast Charging USB C to USB C Cable, Nylon Braided Type C Data USB-C Cable for Samsung Galaxy S20+ S10 Note 10 iPad Pro MacBook Tablets LG Google etc.",4.7 out of 5 stars,https://m.media-amazon.com/images/I/814+BTS-INL._AC_SY300_SX300_.jpg
Spigen Ultra Hybrid Designed for iPhone 12 Pro Max Case (2020) - Navy Blue,4.6 out of 5 stars,https://m.media-amazon.com/images/I/61eivltvyFL.__AC_SX300_SY300_QL70_ML2_.jpg
OtterBox Defender Series Case for iPhone 12 & iPhone 12 Pro (Only) - Holster Clip Included - Microbial Defense Protection - Non-Retail Packaging - Baby Blue Jeans (Blue),4.7 out of 5 stars,https://m.media-amazon.com/images/I/71V99OG8pEL.__AC_SX300_SY300_QL70_ML2_.jpg
"Speck Clear iPhone 13 Pro Max Case - Slim, Drop Protection - for iPhone 13 Pro Max & iPhone 12 Pro Max - Scratch Resistant, Anti-Yellowing, Anti-Fade 6.7 Inch Phone Case - GemShell Clear",4.6 out of 5 stars,https://m.media-amazon.com/images/I/61TCfxGMqDL.__AC_SX300_SY300_QL70_ML2_.jpg
OtterBox Defender Series Case for iPhone 12 & iPhone 12 Pro (Only) - Case Only - Microbial Defense Protection - Non-Retail Packaging - Mountain Majesty (Purple),4.7 out of 5 stars,https://m.media-amazon.com/images/I/7164x9Dzo2L.__AC_SX300_SY300_QL70_ML2_.jpg
Apple iPhone 15 Pro Max Clear Case with MagSafe ​​​​​​​,4.4 out of 5 stars,https://m.media-amazon.com/images/I/410gWbZgGcL.__AC_SY445_SX342_QL70_ML2_.jpg
"Artisticases Custom Tort Tortoiseshell Initials Name Case, Personalized Name Case, Designed ‎for iPhone 15 Plus, iPhone 14 Pro Max, iPhone 13 Mini, iPhone 12, 11, X/XS Max, ‎XR, 7/8‎",4.0 out of 5 stars,https://m.media-amazon.com/images/I/6154Cb3zhcL.__AC_SX300_SY300_QL70_ML2_.jpg
"OtterBox iPhone 13 Pro Max & iPhone 12 Pro Max Defender Series Case - HUNTER GREEN, rugged & durable, with port protection, includes holster clip kickstand",4.7 out of 5 stars,https://m.media-amazon.com/images/I/71D708DsaUL.__AC_SX300_SY300_QL70_ML2_.jpg
"ORIbox for iPhone 13 Pro Max/12 Pro Max Case Blue, [10 FT Military Grade Drop Protection], Transparent Heavy Duty Shockproof Anti-Fall Case for iPhone 13/12 Pro Max,6.7 inch,3 in 1, Crystal Blue",4.4 out of 5 stars,https://m.media-amazon.com/images/I/81ZyFdLYuBL.__AC_SX300_SY300_QL70_ML2_.jpg
"Case-Mate iPhone 12 Pro Max Case - Twinkle Ombre Gold With 10ft Drop Protection & Wireless Charging - Luxury Bling Glitter Case for iPhone 12 Pro Max - Anti Scratch, Shock Absorbing Materials",4.5 out of 5 stars,https://m.media-amazon.com/images/I/61MN1IFv+5L._AC_SY300_SX300_.jpg
OtterBox Defender Series Replacement Belt Clip Holster for iPhone 13 PRO MAX & iPhone 12 PRO MAX (ONLY) Black,4.3 out of 5 stars,https://m.media-amazon.com/images/I/510an5jpbIL.__AC_SX300_SY300_QL70_ML2_.jpg
OtterBox + Pop Symmetry Series Case for iPhone 12 & iPhone 12 PRO (NOT 12 Mini/12 Pro Max) Non-Retail Packaging - White Marble,4.6 out of 5 stars,https://m.media-amazon.com/images/I/810zguuzs5L.__AC_SX300_SY300_QL70_ML2_.jpg
"iPhone 12 Pro Max 128GB 256GB 512GB ROM 6GB RAM Unlocked 5G Smartphone iPhone12 ProMax 6.7"" OLED Face ID NFC Phone 128GB Standard/White",Previous page of related Sponsored Products,https://m.media-amazon.com/images/I/3189OLvQSsL.__AC_SY300_SX300_QL70_ML2_.jpg
"Apple iPhone 11 Pro Max, US Version, 512GB, Midnight Green - Unlocked (Renewed)",4.3 out of 5 stars,https://m.media-amazon.com/images/I/71VIsH1AR5L.__AC_SX300_SY300_QL70_ML2_.jpg
"95% Apple iPhone 12 13 Pro Max 128GB 256GB 512GB ROM 6.7"" Retina XDR OLED RAM 6GB Face ID NFC Unlocked 5G Phones iPhone 12 pro max/Gold / 128G|6GB",Previous page of related Sponsored Products,https://m.media-amazon.com/images/I/31XxgoXBM0L.__AC_SX300_SY300_QL70_ML2_.jpg
"95% Apple iPhone 13 Pro Max 6.7""/ iPhone 13 Pro 6.1"" 5G 128G/256G/512G/1TB ROM Genuine OLED 12MP Face ID Unlocked iPhone 13 Pro Max/Graphite / 128G|6GB",Previous page of related Sponsored Products,https://m.media-amazon.com/images/I/31wU6IjgNnL.__AC_SX300_SY300_QL70_ML2_.jpg
"Echoamo A14 Pro Max Cell Phone, 5G Unlocked Smartphone 6GB+256GB Smartphone Android 13, 6000mAh Battery, 6.82"" FHD+ Display 120Hz 64MP Camera, Dual SIM Octa-Core Phone GPS/Fingerprint/Face ID (Black)",5.0 out of 5 stars,https://m.media-amazon.com/images/I/61w69FoDIJL.__AC_SX300_SY300_QL70_ML2_.jpg
"USB C Cable, INIU (2-Pack 6.6ft) 100W PD 5A QC 4.0 Fast Charging USB C to USB C Cable, Nylon Braided Type C Data USB-C Cable for Samsung Galaxy S20+ S10 Note 10 iPad Pro MacBook Tablets LG Google etc.",4.7 out of 5 stars,https://m.media-amazon.com/images/I/814+BTS-INL._AC_SY300_SX300_.jpg
"JOBY GripTight ONE Micro Stand, Universal Phone Holder, Small Tripod for Smartphone, Foldable and Portable, Watch FIFA World Cup Football, Black",4.3 out of 5 stars,https://m.media-amazon.com/images/I/41NazvG+0nL._AC_SY300_SX300_.jpg
OtterBox + Pop Symmetry Series Case for iPhone 12 & iPhone 12 PRO (NOT 12 Mini/12 Pro Max) Non-Retail Packaging - White Marble,4.6 out of 5 stars,https://m.media-amazon.com/images/I/810zguuzs5L.__AC_SX300_SY300_QL70_ML2_.jpg
"BURGA Phone Case Compatible with iPhone 12 PRO MAX - Wireless Charging Compatible, Hybrid 2-Layer Hard Shell + Silicone Protective Case, Heavy Duty Protection, Slim Fit, Almond Latte",4.6 out of 5 stars,https://m.media-amazon.com/images/I/711FTwsY61L.__AC_SX300_SY300_QL70_ML2_.jpg
Case for iPhone 12 Pro Max - Anime Cartoon Kawaii Red&White Ball Pattern Hard PC and Inner Silicone Hybrid Dual Armor Defender Case for Apple iPhone iPhone 12 Pro Max,4.1 out of 5 stars,https://m.media-amazon.com/images/I/61AKzZj4whL.__AC_SX300_SY300_QL70_ML2_.jpg
LifeProof FRĒ Series Waterproof Case for iPhone 12 Pro Max (Only) - Non-Retail Packaging - Frēe Diver (Ocean Depths/Peacock Blue),4.1 out of 5 stars,https://m.media-amazon.com/images/I/61TIiPiwsBL.__AC_SX300_SY300_QL70_ML2_.jpg
"Case-Mate Tough Series iPhone 12 Pro Max/iPhone 13 Pro Max Case 6.7"" - Clear - 15ft Drop Protection, Compatible with MagSafe & Wireless Charging - Anti Yellowing Lightweight Cover, Anti Scratch Tech",4.5 out of 5 stars,https://m.media-amazon.com/images/I/51Gah6kfs7L.__AC_SX300_SY300_QL70_ML2_.jpg
"ORIbox Glass Screen Protector for iPhone 12 Pro Max, 3 Packs Anti-Scratch HD Tempered Glass Screen Protector",4.5 out of 5 stars,https://m.media-amazon.com/images/I/716OeATLi7L.__AC_SX300_SY300_QL70_ML2_.jpg
LifeProof NEXT SERIES with MAGSAFE Case for IPhone 13 Pro Max & IPhone 12 Pro Max - PRECEDENTED GREEN,4.5 out of 5 stars,https://m.media-amazon.com/images/I/616sH3zHybL.__AC_SX300_SY300_QL70_ML2_.jpg
OtterBox iPhone 13 Pro Max and iPhone 12 Pro Max (Only) - Symmetry Clear Series+ Case - Clear - Ultra-Sleek - Snaps to MagSafe - Raised Edges Protect Camera & Screen - Non-Retail Packaging,4.6 out of 5 stars,https://m.media-amazon.com/images/I/61deIZt+qYL._AC_SY300_SX300_.jpg
"BEASTEK for iPhone 12 Pro Max Waterproof Case, FSN Series IP68 Magnetic Shockproof Case with Built-in Screen Protector and MagSafe Protective Cover, iPhone 12 Pro Max 6.7 inch (Red)",4.0 out of 5 stars,https://m.media-amazon.com/images/I/71vq5W1knJL.__AC_SX300_SY300_QL70_ML2_.jpg
OtterBox Symmetry Case with MagSafe for iPhone 12 PRO MAX (ONLY) Non-Retail Packaging - Navy Captain,4.6 out of 5 stars,https://m.media-amazon.com/images/I/81vCdrDzGvL.__AC_SX300_SY300_QL70_ML2_.jpg
Belkin ScreenForce TemperedGlass Treated Privacy Screen Protector for iPhone 15 Pro Max - Slim & Scratch-Resistant - Includes Easy Align Tray for Bubble Free Application,3.5 out of 5 stars,https://m.media-amazon.com/images/I/71rVPd+CX8L._AC_SY300_SX300_.jpg
OtterBox SYMMETRY SERIES Case for Apple iPhone 12 Pro Max - Cake Pop Pink,4.6 out of 5 stars,https://m.media-amazon.com/images/I/61g7kn03S3L.__AC_SX300_SY300_QL70_ML2_.jpg
"OtterBox iPhone 13 Pro Max & iPhone 12 Pro Max Prefix Series Case - PACIFIC REEF, Ultra-thin, Pocket-Friendly, Raised Edges Protect Camera & Screen, Wireless Charging Compatible",4.5 out of 5 stars,https://m.media-amazon.com/images/I/61a+8XUeiBL._AC_SY300_SX300_.jpg
BURGA Phone Case Compatible with iPhone 12 PRO MAX - Black Polka Dots Pattern - Cute But Tough with CloudGuard 2-in-1 Defense System - Luxury iPhone 12 PRO MAX Protective Scratch-Resistant Hard Case,4.5 out of 5 stars,https://m.media-amazon.com/images/I/61KbEH+WegL._AC_SY300_SX300_.jpg
"Belkin iPhone 12 Pro Max Case with MagSafe - Clear iPhone Case for MagSafe Charger Stand, MagSafe Wallet, MagSafe Stand - Clear Case - MagSafe Case - Clear iPhone 12 Pro Max Phone Case",4.3 out of 5 stars,https://m.media-amazon.com/images/I/416atKehkcS.__AC_SX300_SY300_QL70_ML2_.jpg
"iPhone 12 Pro Max Case for Women, 3D Pop Bubble Heart Kawaii Gel Cover, Cute Girly for iPhone12 Pro Max 6.7 inch - Baby Pink",4.2 out of 5 stars,https://m.media-amazon.com/images/I/61d0EnYu4ML.__AC_SX300_SY300_QL70_ML2_.jpg
"USB C Cable, INIU (2-Pack 6.6ft) 100W PD 5A QC 4.0 Fast Charging USB C to USB C Cable, Nylon Braided Type C Data USB-C Cable for Samsung Galaxy S20+ S10 Note 10 iPad Pro MacBook Tablets LG Google etc.",4.7 out of 5 stars,https://m.media-amazon.com/images/I/814+BTS-INL._AC_SY300_SX300_.jpg
"UBeesize 92’’ Cell Phone Tripod Stand with 16.5’’ Gooseneck and Remote, Overhead Tripod with Adjustable 360°Ball Head & Phone Holder for iPhone 14 Pro Max/Plus/13/12/11, Android Cell Phone",4.5 out of 5 stars,https://m.media-amazon.com/images/I/61hjjIH1ThL.__AC_SX300_SY300_QL70_ML2_.jpg
"DMaos iPhone 12 Pro Max Case for Women, 3D Pop Bubble Heart Kawaii Gel Cover, Cute Girly for iPhone12 Pro Max 6.7 inch - Baby Pink",4.2 out of 5 stars,https://m.media-amazon.com/images/I/61d0EnYu4ML.__AC_SX300_SY300_QL70_ML2_.jpg
OtterBox COMMUTER SERIES for iPhone 12/13 PRO MAX - (MAVEN WAY) + PopSockets PopGrip - (IT’S A MOOD),4.6 out of 5 stars,https://m.media-amazon.com/images/I/719UQJB+1aL._AC_SY300_SX300_.jpg
"OtterBox iPhone 13 Pro Max and iPhone 12 Pro Max Symmetry Series+ Case - Cruller Print (Pink), Ultra-Sleek, Snaps to MagSafe, Raised Edges Protect Camera & Screen",4.6 out of 5 stars,https://m.media-amazon.com/images/I/71rj63Co+YL._AC_SY300_SX300_.jpg
"OtterBox iPhone 13 Pro Max and iPhone 12 Pro Max Symmetry Series+ Case - COW PRINT, Ultra-Sleek, Snaps to MagSafe, Raised Edges Protect Camera & Screen",4.7 out of 5 stars,https://m.media-amazon.com/images/I/61kJVemndUL.__AC_SX300_SY300_QL70_ML2_.jpg
R0850 Gargoyle Devil Demon Case Cover for iPhone 12 Pro Max,Previous page of related Sponsored Products,https://m.media-amazon.com/images/I/41jWNd3a-TL.__AC_SX300_SY300_QL70_ML2_.jpg
OtterBox Bundle: Commuter Series Case for iPhone 12 Pro Max - (BALLET WAY) + PopSockets PopGrip - (PETAL POWER),4.5 out of 5 stars,https://m.media-amazon.com/images/I/51PQp82+f9L._AC_SY300_SX300_.jpg
"ORIbox Privacy Glass Screen Protector for iPhone 12 Pro Max, 2 Packs Anty-Spy Anti-Bubble Tempered Glass Screen Protector""",4.4 out of 5 stars,https://m.media-amazon.com/images/I/71ezjzDeHEL.__AC_SX300_SY300_QL70_ML2_.jpg
OtterBox Clear case with Colorful Grip Edge for iPhone 12 Pro Max - Black Crystal (Clear/Black),4.4 out of 5 stars,https://m.media-amazon.com/images/I/71-VnA1iVeL.__AC_SX300_SY300_QL70_ML2_.jpg
"ORIbox for iPhone 12 Pro Max Case Clear,with 4 Corners Shockproof Protection,iPhone 12 Pro Max Clear Case for Women Men Girls Boys Kids,Case for iPhone 12 Pro Max Phone Clear",4.5 out of 5 stars,https://m.media-amazon.com/images/I/61jqcWPKzQL.__AC_SX300_SY300_QL70_ML2_.jpg
"JOBY SeaPal, Waterproof Smartphone Case up to 10m/33ft, for Underwater Action Content Creation Videography Photography Surfing Snorkeling Fishing Travel, Compatible with iPhone,Samsung Series S23/22",4.5 out of 5 stars,https://m.media-amazon.com/images/I/71Oah2T0SeL.__AC_SX300_SY300_QL70_ML2_.jpg
OtterBox iPhone 13 Pro Max & iPhone 12 Pro Max (Only) - Symmetry Series Case - Reset Purple - Ultra-Sleek - Wireless Charging Compatible - Raised Edges Protect Camera & Screen - Non-Retail Packaging,4.4 out of 5 stars,https://m.media-amazon.com/images/I/61ldaJ9nH2L.__AC_SX300_SY300_QL70_ML2_.jpg
"Twelve South BookBook for iPhone 15 Max | MagSafe Compatible Genuine Leather Wallet Case with Display Stand + Removable Stand-Alone Leather Accent Case, Brown",3.8 out of 5 stars,https://m.media-amazon.com/images/I/71bRKjF-2aL.__AC_SX300_SY300_QL70_ML2_.jpg
Pelican Shield Magnetic Wallet & Card Holder [RFID Blocking] Heavy Duty Mil-Spec Snap-On MagSafe Wallet - Detachable Hard Shell Wallet for iPhone 15 Pro Max/14 Pro Max/13 Pro Max/12 Pro Max - Titanium,4.1 out of 5 stars,https://m.media-amazon.com/images/I/71dt2i+3mfL._AC_SY300_SX300_.jpg
"ORIbox for iPhone 12 Pro Max Case Clear, [10 FT Military Grade Drop Protection], Transparent Heavy Duty Shockproof Anti-Fall Case for iPhone 12 Pro Max Phone Case,6.7 inch,3 in 1, Crystal Clear",4.3 out of 5 stars,https://m.media-amazon.com/images/I/71NpqOblwHL.__AC_SX300_SY300_QL70_ML2_.jpg
"Custom Embossed iPhone Case - Personalized Leather Case for iPhone 15, 14, 13, 12, 11, XR, XS, X, 8, 7 Plus, Pro, Max, SE, Mini - Custom Text, Date, Name, Initials, Monogram, Engraving, Gift idea",4.2 out of 5 stars,https://m.media-amazon.com/images/I/41+tS++Ej-L.jpg
OtterBox Symmetry Series+ Case with MagSafe for iPhone 12 PRO MAX (ONLY) Retail Packaging - Navy Captain Blue,4.5 out of 5 stars,https://m.media-amazon.com/images/I/51QDPIj4+UL._AC_SY300_SX300_.jpg
"USB C Cable, INIU (2-Pack 6.6ft) 100W PD 5A QC 4.0 Fast Charging USB C to USB C Cable, Nylon Braided Type C Data USB-C Cable for Samsung Galaxy S20+ S10 Note 10 iPad Pro MacBook Tablets LG Google etc.",4.7 out of 5 stars,https://m.media-amazon.com/images/I/814+BTS-INL._AC_SY300_SX300_.jpg
"UBeesize 92’’ Cell Phone Tripod Stand with 16.5’’ Gooseneck and Remote, Overhead Tripod with Adjustable 360°Ball Head & Phone Holder for iPhone 14 Pro Max/Plus/13/12/11, Android Cell Phone",4.5 out of 5 stars,https://m.media-amazon.com/images/I/61hjjIH1ThL.__AC_SX300_SY300_QL70_ML2_.jpg
OtterBox Defender Series Screenless Edition Case for iPhone 13 Pro Max & iPhone 12 Pro Max (Only) - Case Only - Non-Retail Packaging - Hunter Green,4.6 out of 5 stars,https://m.media-amazon.com/images/I/71DGaYqMjJL.__AC_SX300_SY300_QL70_ML2_.jpg
"ORIbox Glass Screen Protector for iPhone 12 Pro Max, 3 Packs Anti-Scratch HD Tempered Glass Screen Protector with 2 Packs Camera Lens Protector, Clear",4.4 out of 5 stars,https://m.media-amazon.com/images/I/71akQ3MfAJL.__AC_SX300_SY300_QL70_ML2_.jpg
OtterBox Bundle: Commuter Series Case for iPhone 12 Pro Max - (BALLET WAY) + PopSockets PopGrip - (PETAL POWER),4.5 out of 5 stars,https://m.media-amazon.com/images/I/51PQp82+f9L._AC_SY300_SX300_.jpg
"ORIbox Privacy Glass Screen Protector for iPhone 12 Pro Max, 2 Packs Anty-Spy Anti-Bubble Tempered Glass Screen Protector""",4.4 out of 5 stars,https://m.media-amazon.com/images/I/71ezjzDeHEL.__AC_SX300_SY300_QL70_ML2_.jpg
"Custom Tort Tortoiseshell Initials Name Case, Personalized Name Case, Designed ‎for iPhone 15 Plus, iPhone 14 Pro Max, iPhone 13 Mini, iPhone 12, 11, X/XS Max, ‎XR, 7/8‎",4.0 out of 5 stars,https://m.media-amazon.com/images/I/6154Cb3zhcL.__AC_SX300_SY300_QL70_ML2_.jpg
OtterBox Symmetry Series+ Case with MagSafe for iPhone 12 PRO MAX (ONLY) Retail Packaging - Navy Captain Blue,4.5 out of 5 stars,https://m.media-amazon.com/images/I/51QDPIj4+UL._AC_SY300_SX300_.jpg
"Twelve South BookBook for iPhone 15 Max | MagSafe Compatible Genuine Leather Wallet Case with Display Stand + Removable Stand-Alone Leather Accent Case, Brown",3.8 out of 5 stars,https://m.media-amazon.com/images/I/71bRKjF-2aL.__AC_SX300_SY300_QL70_ML2_.jpg
Apple iPhone 15 Pro Max Clear Case with MagSafe ​​​​​​​,4.4 out of 5 stars,https://m.media-amazon.com/images/I/410gWbZgGcL.__AC_SY445_SX342_QL70_ML2_.jpg
LifeProof SEE SERIES Case with MagSafe for iPhone 13 Pro Max & iPhone 12 Pro Max - BLACK,4.5 out of 5 stars,https://m.media-amazon.com/images/I/61ghgt0Y5uL.__AC_SX300_SY300_QL70_ML2_.jpg
"OtterBox iPhone 13 Pro Max and iPhone 12 Pro Max Symmetry Series+ Case - CHERRY ON TOP, ultra-sleek, snaps to MagSafe, raised edges protect camera & screen",4.5 out of 5 stars,https://m.media-amazon.com/images/I/61tuGhby6JL.__AC_SX300_SY300_QL70_ML2_.jpg
"ORIbox Case Compatible with iPhone 12 pro max Case, Platinum Ultra Thin Black, Lightweight",4.5 out of 5 stars,https://m.media-amazon.com/images/I/71LQVmoDyqL.__AC_SX300_SY300_QL70_ML2_.jpg
Case-Mate Crossbody Phone Lanyard/Chain [Works with All Phones] Hands-Free Cell Phone Strap - Phone Charm - Neck Chain Holder for iPhone 15 Pro Max/ 14 Pro Max/ 13 Pro Max/ 12/ S24 Ultra - Beige Rope,4.5 out of 5 stars,https://m.media-amazon.com/images/I/61s4avd74vL.__AC_SX300_SY300_QL70_ML2_.jpg
OtterBox Defender Series Screenless Edition Case for iPhone 12 & iPhone 12 Pro (Only) - Case Only - Non-Retail Packaging - Baby Blue Jeans (Blue),4.8 out of 5 stars,https://m.media-amazon.com/images/I/71nHI9NLo6L.__AC_SX300_SY300_QL70_ML2_.jpg
"Speck Products Presidio Perfect-Clear Impact Geo iPhone iPhone 12 Pro Max Case, Clear/Rosy Pink",4.5 out of 5 stars,https://m.media-amazon.com/images/I/719LKDGa7DL.__AC_SX300_SY300_QL70_ML2_.jpg
Element Case Black Ops for iPhone 12/12 Pro- Black (EMT-322-247FW-01),3.0 out of 5 stars,https://m.media-amazon.com/images/I/71hUtW6ldqL.__AC_SX300_SY300_QL70_ML2_.jpg
Tech21 Evo Clear Compatible with MagSafe Case for iPhone 13 Pro Max -Transparent Phone Case with 12ft Multi-Drop Protection,4.4 out of 5 stars,https://m.media-amazon.com/images/I/71JxJK6KLWL.__AC_SX300_SY300_QL70_ML2_.jpg
"USB C Cable, INIU (2-Pack 6.6ft) 100W PD 5A QC 4.0 Fast Charging USB C to USB C Cable, Nylon Braided Type C Data USB-C Cable for Samsung Galaxy S20+ S10 Note 10 iPad Pro MacBook Tablets LG Google etc.",4.7 out of 5 stars,https://m.media-amazon.com/images/I/814+BTS-INL._AC_SY300_SX300_.jpg
"UBeesize 92’’ Cell Phone Tripod Stand with 16.5’’ Gooseneck and Remote, Overhead Tripod with Adjustable 360°Ball Head & Phone Holder for iPhone 14 Pro Max/Plus/13/12/11, Android Cell Phone",4.5 out of 5 stars,https://m.media-amazon.com/images/I/61hjjIH1ThL.__AC_SX300_SY300_QL70_ML2_.jpg
OtterBox COMMUTER SERIES for iPhone 12/13 PRO MAX - (MAVEN WAY) + PopSockets PopGrip - (IT’S A MOOD),4.6 out of 5 stars,https://m.media-amazon.com/images/I/719UQJB+1aL._AC_SY300_SX300_.jpg
"tech21 Evo Check Phone Case for Apple iPhone 12 Pro Max 5G with 12 ft Drop Protection, Luminous Yellow",4.7 out of 5 stars,https://m.media-amazon.com/images/I/71Dw98FTdhL.__AC_SX300_SY300_QL70_ML2_.jpg
"Speck Products Presidio2 PRO iPhone 12 Pro Max Case, Cathedral Grey/Graphite Grey/White",4.3 out of 5 stars,https://m.media-amazon.com/images/I/61N+Xc9RIAL._AC_SY300_SX300_.jpg
Case-Mate Stick it! Magnetic Suction Mount - Snap-on iPhone Holder - Detachable for MagSafe - Hands-Free Content Creator Essentials for iPhone 15 Pro Max/ 14 Pro Max/ 13 Pro Max/ 12 Pro Max - Black,Previous page of related Sponsored Products,https://m.media-amazon.com/images/I/61eGdtuhZvL.__AC_SX300_SY300_QL70_ML2_.jpg
R0850 Gargoyle Devil Demon Case Cover for iPhone 12 Pro Max,Previous page of related Sponsored Products,https://m.media-amazon.com/images/I/41jWNd3a-TL.__AC_SX300_SY300_QL70_ML2_.jpg
OtterBox + Pop Symmetry Series Case for iPhone 13 PRO MAX & iPhone 12 PRO MAX (ONLY) Non-Retail Packaging - (Black),4.3 out of 5 stars,https://m.media-amazon.com/images/I/61+YJJdPVQL._AC_SY300_SX300_.jpg
OtterBox PREFIX SERIES Case for iPhone 12 Pro Max - BLACK,4.5 out of 5 stars,https://m.media-amazon.com/images/I/619PJH3j6eL.__AC_SX300_SY300_QL70_ML2_.jpg
"Speck iPhone 13 Pro Max Case - Drop Protection Fits iPhone 12 Pro Max & iPhone 13 Pro Max Cases - Built for MagSafe, Scratch Resistant, Soft Touch Coating - Orchid Pink/Rosy Pink",3.9 out of 5 stars,https://m.media-amazon.com/images/I/51N0kO3A-0L.__AC_SX300_SY300_QL70_ML2_.jpg
BURGA Phone Case Compatible with iPhone 12 PRO MAX - Black Polka Dots Pattern - Cute But Tough with CloudGuard 2-in-1 Defense System - Luxury iPhone 12 PRO MAX Protective Scratch-Resistant Hard Case,4.5 out of 5 stars,https://m.media-amazon.com/images/I/61KbEH+WegL._AC_SY300_SX300_.jpg
"Punkcase Designed for iPhone 12 Pro Max Waterproof Case [Aqua Series] [Slim Fit] [IP68 Certified] [Shockproof] [Dirtproof] [Snowproof] Armor Cover for iPhone 12 Pro Max (2020) (6.7"") [Black]",3.6 out of 5 stars,https://m.media-amazon.com/images/I/612s74xff2L.__AC_SX300_SY300_QL70_ML2_.jpg
Tech21 Evo Art Mandala for iPhone 12 Pro Max – Protective Phone Case with Exclusive Artwork and 12ft Multi-Drop Protection,4.4 out of 5 stars,https://m.media-amazon.com/images/I/812jtnih9cL.__AC_SX300_SY300_QL70_ML2_.jpg
"Case for iPhone 12/12 Pro/12 Pro Max, Shockproof Credit Card Case Carbon Fiber Card Clip Slim Wallet Case Shockproof TPU Inner Shell (Color : Green, Size : 12pro 6.1"")",Previous page of related Sponsored Products,https://m.media-amazon.com/images/I/61w6+4O54aL._AC_SY300_SX300_.jpg
Case-Mate - SOAP Bubble - Case for iPhone 12 Pro Max (5G) - Compatible with MAGSAFE Accessories & Charging - 10 ft Drop Protection - 6.7 Inch - Iridescent Swirl,4.2 out of 5 stars,https://m.media-amazon.com/images/I/51k-yfjCAxL.__AC_SX300_SY300_QL70_ML2_.jpg
"Speck iPhone 13 Pro Max Case - Drop Protection Fits iPhone 12 Pro Max & iPhone 13 Pro Max Phones - Compatible with MagSafe, Extra Grip, Dual Layer Slim Design - Onyx GemShell",4.5 out of 5 stars,https://m.media-amazon.com/images/I/71xyHO3JvYL.__AC_SX300_SY300_QL70_ML2_.jpg
"OtterBox iPhone 13 Pro Max & iPhone 12 Pro Max Symmetry Series Case - COMPASS, ultra-sleek, wireless charging compatible, raised edges protect camera & screen",4.6 out of 5 stars,https://m.media-amazon.com/images/I/710LRTmH2tL.__AC_SX300_SY300_QL70_ML2_.jpg
Apple iPhone FineWoven Wallet with MagSafe - Evergreen ​​​​​​​,4.0 out of 5 stars,https://m.media-amazon.com/images/I/41kYbZsTwHL.__AC_SY445_SX342_QL70_ML2_.jpg
"USB C Cable, INIU (2-Pack 6.6ft) 100W PD 5A QC 4.0 Fast Charging USB C to USB C Cable, Nylon Braided Type C Data USB-C Cable for Samsung Galaxy S20+ S10 Note 10 iPad Pro MacBook Tablets LG Google etc.",4.7 out of 5 stars,https://m.media-amazon.com/images/I/814+BTS-INL._AC_SY300_SX300_.jpg
"JOBY GripTight ONE Micro Stand, Universal Phone Holder, Small Tripod for Smartphone, Foldable and Portable, Watch FIFA World Cup Football, Black",4.3 out of 5 stars,https://m.media-amazon.com/images/I/41NazvG+0nL._AC_SY300_SX300_.jpg
iPhone 12 Pro Max Capybara Reading Book Case,Previous page of related Sponsored Products,https://m.media-amazon.com/images/I/71gnOZyhG+L._AC_SY300_SX300_.jpg
iPhone 12 Pro Max Opossum Sunglasses Case,Previous page of related Sponsored Products,https://m.media-amazon.com/images/I/71-QAQxg81L.__AC_SX300_SY300_QL70_ML2_.jpg
iPhone 12 Pro Max Capybara Sunglasses Case,Previous page of related Sponsored Products,https://m.media-amazon.com/images/I/718jzGo7J9L.__AC_SX300_SY300_QL70_ML2_.jpg
iPhone 12 Pro Max Juneteenth Black History Month Case,Previous page of related Sponsored Products,https://m.media-amazon.com/images/I/01RmK+J4pJL._AC_.gif
iPhone 12 Pro Max Cafecito y Chisme Spanish Coffee Case,Previous page of related Sponsored Products,https://m.media-amazon.com/images/I/51rutxH0PAL.__AC_SX300_SY300_QL70_ML2_.jpg
iPhone 12 Pro Max Juneteenth Black History Month Case,Previous page of related Sponsored Products,https://m.media-amazon.com/images/I/01RmK+J4pJL._AC_.gif
iPhone 12 Pro Max Bernedoodle Owner Coffee and Bernedoodle Case,Previous page of related Sponsored Products,https://m.media-amazon.com/images/I/61pYout3KZL.__AC_SX300_SY300_QL70_ML2_.jpg
iPhone 12 Pro Max Fox Forest Animals Blossom Case,Previous page of related Sponsored Products,https://m.media-amazon.com/images/I/71rBYC7jCmL.__AC_SX300_SY300_QL70_ML2_.jpg
iPhone 12 Pro Max Bernedoodle Owner Coffee and Bernedoodle Case,Previous page of related Sponsored Products,https://m.media-amazon.com/images/I/61MwBqS85HL.__AC_SX300_SY300_QL70_ML2_.jpg
iPhone 12 Pro Max Watercolor Easter Eggs Case,Previous page of related Sponsored Products,https://m.media-amazon.com/images/I/71Ifx58KBUL.__AC_SX300_SY300_QL70_ML2_.jpg
iPhone 12 Pro Max Aesthetic Retro Lucky Disco 8 Ball Case,Previous page of related Sponsored Products,https://m.media-amazon.com/images/I/61oJLiO+zOL._AC_SY300_SX300_.jpg
iPhone 12 Pro Max Weekend Forecast Blacksmithing Funny Blacksmith Case,Previous page of related Sponsored Products,https://m.media-amazon.com/images/I/61kV28ObCsL.__AC_SX300_SY300_QL70_ML2_.jpg
iPhone 12 Pro Max I Hit Metal Funny Blacksmith Case,Previous page of related Sponsored Products,https://m.media-amazon.com/images/I/51yxPBiCkXL.__AC_SX300_SY300_QL70_ML2_.jpg
iPhone 12 Pro Max Elevator Technician Apparel Elevator Mechanic Case,Previous page of related Sponsored Products,https://m.media-amazon.com/images/I/61Yd8RxbD4L.__AC_SX300_SY300_QL70_ML2_.jpg
iPhone 12 Pro Max Weekend Forecast Blacksmithing Funny Blacksmith Case,Previous page of related Sponsored Products,https://m.media-amazon.com/images/I/51+ksedQxYL._AC_SY300_SX300_.jpg
iPhone 12 Pro Max World's Best Blacksmith Funny Blacksmith Case,Previous page of related Sponsored Products,https://m.media-amazon.com/images/I/61LBZEadUIL.__AC_SX300_SY300_QL70_ML2_.jpg
"USB C Cable, INIU (2-Pack 6.6ft) 100W PD 5A QC 4.0 Fast Charging USB C to USB C Cable, Nylon Braided Type C Data USB-C Cable for Samsung Galaxy S20+ S10 Note 10 iPad Pro MacBook Tablets LG Google etc.",4.7 out of 5 stars,https://m.media-amazon.com/images/I/814+BTS-INL._AC_SY300_SX300_.jpg
"JOBY GripTight ONE Micro Stand, Universal Phone Holder, Small Tripod for Smartphone, Foldable and Portable, Watch FIFA World Cup Football, Black",4.3 out of 5 stars,https://m.media-amazon.com/images/I/41NazvG+0nL._AC_SY300_SX300_.jpg
iPhone 12 Pro Max It's Not A Hobby Funny Blacksmith Case,Previous page of related Sponsored Products,https://m.media-amazon.com/images/I/511oDveEBHL.__AC_SX300_SY300_QL70_ML2_.jpg
iPhone 12 Pro Max Aesthetic Retro Lucky Disco 8 Ball Case,Previous page of related Sponsored Products,https://m.media-amazon.com/images/I/61oJLiO+zOL._AC_SY300_SX300_.jpg
iPhone 12 Pro Max Legendary Since July 1959 65th Birthday Case,Previous page of related Sponsored Products,https://m.media-amazon.com/images/I/61A1xQgugyL.__AC_SX300_SY300_QL70_ML2_.jpg
iPhone 12 Pro Max Legendary Since July 1962 62nd Birthday Case,Previous page of related Sponsored Products,https://m.media-amazon.com/images/I/617OW3GR2KL.__AC_SX300_SY300_QL70_ML2_.jpg
iPhone 12 Pro Max Elevator Technician Elevator Mechanic Elevator Lover Case,Previous page of related Sponsored Products,https://m.media-amazon.com/images/I/611-sSWr6xL.__AC_SX300_SY300_QL70_ML2_.jpg
iPhone 12 Pro Max I'D Hit That Funny Blacksmith Case,Previous page of related Sponsored Products,https://m.media-amazon.com/images/I/61z9cgvozoL.__AC_SX300_SY300_QL70_ML2_.jpg
iPhone 12 Pro Max Cat Grandma Cat Grandmother Cat Lover Grandma Case,Previous page of related Sponsored Products,https://m.media-amazon.com/images/I/51YKTBMG03L.__AC_SX300_SY300_QL70_ML2_.jpg
iPhone 12 Pro Max Wife Cruising Partners Cruise Husband Cruise Matching Case,Previous page of related Sponsored Products,https://m.media-amazon.com/images/I/612WNT-8DNL.__AC_SX300_SY300_QL70_ML2_.jpg
iPhone 12 Pro Max Husband Wife Cruising Partners Ship Cruise Matching Case,Previous page of related Sponsored Products,https://m.media-amazon.com/images/I/615LS1gInML.__AC_SX300_SY300_QL70_ML2_.jpg
iPhone 12 Pro Max Cruiser Wife Ship Cruise Cruising Partners Husband Case,Previous page of related Sponsored Products,https://m.media-amazon.com/images/I/61c64I5QJHL.__AC_SX300_SY300_QL70_ML2_.jpg
iPhone 12 Pro Max Wife Ship Cruise Cruising Partners Husband Cruiser Case,Previous page of related Sponsored Products,https://m.media-amazon.com/images/I/61el6lxgIVL.__AC_SX300_SY300_QL70_ML2_.jpg
iPhone 12 Pro Max I'd Rather Be Forging Funny Blacksmith Case,Previous page of related Sponsored Products,https://m.media-amazon.com/images/I/61NKmJFC99L.__AC_SX300_SY300_QL70_ML2_.jpg
iPhone 12 Pro Max Vintage Personalized Viola Future astronaut Space Lover Case,Previous page of related Sponsored Products,https://m.media-amazon.com/images/I/61Zwx0MuxRL.__AC_SX300_SY300_QL70_ML2_.jpg
iPhone 12 Pro Max Cruiser Wife Husband Cruise Ship Cruising Partners Case,Previous page of related Sponsored Products,https://m.media-amazon.com/images/I/61X7rUKdx1L.__AC_SX300_SY300_QL70_ML2_.jpg
iPhone 12 Pro Max Vintage Personalized Heidi Future astronaut Space Lover Case,Previous page of related Sponsored Products,https://m.media-amazon.com/images/I/61epaapihxL.__AC_SX300_SY300_QL70_ML2_.jpg
iPhone 12 Pro Max Vintage Personalized Jackie Future astronaut Space Lover Case,Previous page of related Sponsored Products,https://m.media-amazon.com/images/I/613O847Un1L.__AC_SX300_SY300_QL70_ML2_.jpg
"USB C Cable, INIU (2-Pack 6.6ft) 100W PD 5A QC 4.0 Fast Charging USB C to USB C Cable, Nylon Braided Type C Data USB-C Cable for Samsung Galaxy S20+ S10 Note 10 iPad Pro MacBook Tablets LG Google etc.",4.7 out of 5 stars,https://m.media-amazon.com/images/I/814+BTS-INL._AC_SY300_SX300_.jpg
"JOBY GripTight ONE Micro Stand, Universal Phone Holder, Small Tripod for Smartphone, Foldable and Portable, Watch FIFA World Cup Football, Black",4.3 out of 5 stars,https://m.media-amazon.com/images/I/41NazvG+0nL._AC_SY300_SX300_.jpg
iPhone 12 Pro Max Legendary Since July 1955 69th Birthday Case,Previous page of related Sponsored Products,https://m.media-amazon.com/images/I/61mZC2xNs9L.__AC_SX300_SY300_QL70_ML2_.jpg
iPhone 12 Pro Max Legendary Since July 1960 64th Birthday Case,Previous page of related Sponsored Products,https://m.media-amazon.com/images/I/61icydz96nL.__AC_SX300_SY300_QL70_ML2_.jpg
iPhone 12 Pro Max Legendary Since July 1959 65th Birthday Case,Previous page of related Sponsored Products,https://m.media-amazon.com/images/I/61A1xQgugyL.__AC_SX300_SY300_QL70_ML2_.jpg
iPhone 12 Pro Max I Speak In Tongs Funny Blacksmith Case,Previous page of related Sponsored Products,https://m.media-amazon.com/images/I/51HyeqbSAYL.__AC_SX300_SY300_QL70_ML2_.jpg
iPhone 12 Pro Max Legendary Since July 1962 62nd Birthday Case,Previous page of related Sponsored Products,https://m.media-amazon.com/images/I/617OW3GR2KL.__AC_SX300_SY300_QL70_ML2_.jpg
iPhone 12 Pro Max Elevator Technician Elevator Mechanic Elevator Lover Case,Previous page of related Sponsored Products,https://m.media-amazon.com/images/I/611-sSWr6xL.__AC_SX300_SY300_QL70_ML2_.jpg
iPhone 12 Pro Max I'D Hit That Funny Blacksmith Case,Previous page of related Sponsored Products,https://m.media-amazon.com/images/I/61z9cgvozoL.__AC_SX300_SY300_QL70_ML2_.jpg
iPhone 12 Pro Max Husband Wife Cruising Partners Ship Cruise Matching Case,Previous page of related Sponsored Products,https://m.media-amazon.com/images/I/615LS1gInML.__AC_SX300_SY300_QL70_ML2_.jpg
iPhone 12 Pro Max Cruiser Wife Ship Cruise Cruising Partners Husband Case,Previous page of related Sponsored Products,https://m.media-amazon.com/images/I/61c64I5QJHL.__AC_SX300_SY300_QL70_ML2_.jpg
iPhone 12 Pro Max I'd Rather Be Forging Funny Blacksmith Case,Previous page of related Sponsored Products,https://m.media-amazon.com/images/I/61NKmJFC99L.__AC_SX300_SY300_QL70_ML2_.jpg
iPhone 12 Pro Max Wife Cruising Partners Cruise Husband Cruise Matching Case,Previous page of related Sponsored Products,https://m.media-amazon.com/images/I/612WNT-8DNL.__AC_SX300_SY300_QL70_ML2_.jpg
iPhone 12 Pro Max Wife Ship Cruise Cruising Partners Husband Cruiser Case,Previous page of related Sponsored Products,https://m.media-amazon.com/images/I/61el6lxgIVL.__AC_SX300_SY300_QL70_ML2_.jpg
"iPhone 12 Pro Max Speakerman Cameraman,, Tvman I'm The Birthday Boy Case",Previous page of related Sponsored Products,https://m.media-amazon.com/images/I/61FUXdKYwOL.__AC_SX300_SY300_QL70_ML2_.jpg
iPhone 12 Pro Max Vintage Personalized Viola Future astronaut Space Lover Case,Previous page of related Sponsored Products,https://m.media-amazon.com/images/I/61Zwx0MuxRL.__AC_SX300_SY300_QL70_ML2_.jpg
iPhone 12 Pro Max Vintage Personalized Jackie Future astronaut Space Lover Case,Previous page of related Sponsored Products,https://m.media-amazon.com/images/I/613O847Un1L.__AC_SX300_SY300_QL70_ML2_.jpg
iPhone 12 Pro Max Cruiser Wife Husband Cruise Ship Cruising Partners Case,Previous page of related Sponsored Products,https://m.media-amazon.com/images/I/61X7rUKdx1L.__AC_SX300_SY300_QL70_ML2_.jpg
"Motorola razr | 2023 | Unlocked | Made for US 8/128 | 32MP Camera | Summer Lilac, 73.95 x 170.82 x 7.35mm",4.3 out of 5 stars,https://m.media-amazon.com/images/I/61nVT+i3rdL._AC_SY300_SX300_.jpg
"JOBY GripTight ONE Micro Stand, Universal Phone Holder, Small Tripod for Smartphone, Foldable and Portable, Watch FIFA World Cup Football, Black",4.3 out of 5 stars,https://m.media-amazon.com/images/I/41NazvG+0nL._AC_SY300_SX300_.jpg
iPhone 12 Pro Max American Shorthair Cat Reading Book Case,Previous page of related Sponsored Products,https://m.media-amazon.com/images/I/81kIyuQyABL.__AC_SX300_SY300_QL70_ML2_.jpg
iPhone 12 Pro Max Colorful laughing smile with crosses for fans Case,Previous page of related Sponsored Products,https://m.media-amazon.com/images/I/71c5KN47e1L.__AC_SX300_SY300_QL70_ML2_.jpg
iPhone 12 Pro Max Domestic Shorthair Cat Reading Book Case,Previous page of related Sponsored Products,https://m.media-amazon.com/images/I/71XAsZPq-qL.__AC_SX300_SY300_QL70_ML2_.jpg
iPhone 12 Pro Max Solar Eclipse 2024 -Golden Sun Case,Previous page of related Sponsored Products,https://m.media-amazon.com/images/I/51W-bUsED7L.__AC_SX300_SY300_QL70_ML2_.jpg
iPhone 12 Pro Max Labrador Retriever Dog Sunglasses Case,Previous page of related Sponsored Products,https://m.media-amazon.com/images/I/71h5u717nbL.__AC_SX300_SY300_QL70_ML2_.jpg
iPhone 12 Pro Max Wife Cruising Partners Cruise Husband Cruise Matching Case,Previous page of related Sponsored Products,https://m.media-amazon.com/images/I/612WNT-8DNL.__AC_SX300_SY300_QL70_ML2_.jpg
iPhone 12 Pro Max Cruiser Wife Ship Cruise Cruising Partners Husband Case,Previous page of related Sponsored Products,https://m.media-amazon.com/images/I/61c64I5QJHL.__AC_SX300_SY300_QL70_ML2_.jpg
iPhone 12 Pro Max Husband Wife Cruising Partners Ship Cruise Matching Case,Previous page of related Sponsored Products,https://m.media-amazon.com/images/I/615LS1gInML.__AC_SX300_SY300_QL70_ML2_.jpg
iPhone 12 Pro Max Wife Ship Cruise Cruising Partners Husband Cruiser Case,Previous page of related Sponsored Products,https://m.media-amazon.com/images/I/61el6lxgIVL.__AC_SX300_SY300_QL70_ML2_.jpg
iPhone 12 Pro Max I'd Rather Be Forging Funny Blacksmith Case,Previous page of related Sponsored Products,https://m.media-amazon.com/images/I/61NKmJFC99L.__AC_SX300_SY300_QL70_ML2_.jpg
iPhone 12 Pro Max I'd Rather Be Forging Funny Blacksmith Case,Previous page of related Sponsored Products,https://m.media-amazon.com/images/I/41U5O9f4bnL.__AC_SX300_SY300_QL70_ML2_.jpg
iPhone 12 Pro Max Vintage Personalized CAROLINE Future astronaut Space Lover Case,Previous page of related Sponsored Products,https://m.media-amazon.com/images/I/61cPpPPsvpL.__AC_SX300_SY300_QL70_ML2_.jpg
"iPhone 12 Pro Max Speakerman Cameraman,, Tvman I'm The Birthday Boy Case",Previous page of related Sponsored Products,https://m.media-amazon.com/images/I/61FUXdKYwOL.__AC_SX300_SY300_QL70_ML2_.jpg
iPhone 12 Pro Max I'd Rather Be Forging Funny Blacksmith Case,Previous page of related Sponsored Products,https://m.media-amazon.com/images/I/51bNC5M95cL.__AC_SX300_SY300_QL70_ML2_.jpg
iPhone 12 Pro Max Cruiser Wife Husband Cruise Ship Cruising Partners Case,Previous page of related Sponsored Products,https://m.media-amazon.com/images/I/61X7rUKdx1L.__AC_SX300_SY300_QL70_ML2_.jpg
iPhone 12 Pro Max Vintage Personalized Jackie Future astronaut Space Lover Case,Previous page of related Sponsored Products,https://m.media-amazon.com/images/I/613O847Un1L.__AC_SX300_SY300_QL70_ML2_.jpg
"JOBY GripTight ONE Micro Stand, Universal Phone Holder, Small Tripod for Smartphone, Foldable and Portable, Watch FIFA World Cup Football, Black",4.3 out of 5 stars,https://m.media-amazon.com/images/I/41NazvG+0nL._AC_SY300_SX300_.jpg
"Motorola razr | 2023 | Unlocked | Made for US 8/128 | 32MP Camera | Summer Lilac, 73.95 x 170.82 x 7.35mm",4.3 out of 5 stars,https://m.media-amazon.com/images/I/61nVT+i3rdL._AC_SY300_SX300_.jpg
"Victor for iPhone 11 12 13 14 15 Pro Max Pink KT Phone Cover Case - 3D Cartoon Cute Cat, TPU Shocproof, for Women with Fashion Pearl Strap Lanyard (Pink, for iPhone 12 Pro MAX)",5.0 out of 5 stars,https://m.media-amazon.com/images/I/61GDXxePDgL.__AC_SX300_SY300_QL70_ML2_.jpg
"Amazon Basics 2-Pack USB-A to Lightning Charger Cable, Nylon Braided Cord, MFi Certified Charger for Apple iPhone 14 13 12 11 X Xs Pro, Pro Max, Plus, iPad, 6 Foot, Dark Gray",4.6 out of 5 stars,https://m.media-amazon.com/images/I/61F3+4iroLS._AC_SY300_SX300_.jpg
"Anime Phone Case Compatible with iPhone 12 Pro Max, Cartoon Satoru Gojo Suguru Geto Figure Soft Phone Case for iPhone 12 Pro Max Comes with Keychain (Gojo, for iPhone 12 Pro Max)",4.6 out of 5 stars,https://m.media-amazon.com/images/I/61nUMMhey2L.__AC_SX300_SY300_QL70_ML2_.jpg
BURGA Phone Case Compatible with iPhone 12 PRO MAX - White Polka Dots Pattern Vintage Orange Fashion Cute for Girls Thin Design Durable Hard Shell Plastic Protective Case,4.0 out of 5 stars,https://m.media-amazon.com/images/I/71v8w175ZDL.__AC_SX300_SY300_QL70_ML2_.jpg
"Joby Standpoint Phone Case for iPhone 12 Pro Max, Case with Built-in Aluminium Tripod Legs, Camera Travel Tripod, Smartphone Cover, Ideal for Selfies, Vlogging, Live Streaming, Black (JB01693-BWW)",4.6 out of 5 stars,https://m.media-amazon.com/images/I/41gUYRoETjL.__AC_SX300_SY300_QL70_ML2_.jpg
"OUROL Magnetic Kickstand (Glitter Lens Protector ) Case for iPhone 15 14 13 12 Pro Max (Compatible with Magsafe ) Sparkling Diamond Cover Glitter Shiny Rhinestone Cases (Black,for iPhone 12 Pro Max)",3.5 out of 5 stars,https://m.media-amazon.com/images/I/61w7Q-vEi5L.__AC_SX300_SY300_QL70_ML2_.jpg
"Scosche MagicMount SMSDV MagSafe Car Mount, Magnetic Cell Phone Holder, Phone Stand for Dash/Vent Compatible w/iPhone 15/14/13/12/Pro/Max/Plus/Mini/Mag Safe Accessories, Dashboard/Vent Phone Mount",4.4 out of 5 stars,https://m.media-amazon.com/images/I/61svE7qnJuL.__AC_SX300_SY300_QL70_ML2_.jpg
OtterBox Symmetry Case with MagSafe for iPhone 12 & iPhone 12 PRO (ONLY) Non-Retail Packaging - Clear,4.7 out of 5 stars,https://m.media-amazon.com/images/I/51VMg-XXf+L._AC_SY300_SX300_.jpg
"Amazon Basics - 2-Pack USB-A to Lightning ABS Charger Cable, MFi Certified for Apple iPhone 14 13 12 11 X Xs Pro, Pro Max, Plus, iPad, 10,000 Bend Lifespan, 10 Foot, White",4.6 out of 5 stars,https://m.media-amazon.com/images/I/51NxDsPr6NL.__AC_SX300_SY300_QL70_ML2_.jpg
Crystal Wallet Case Compatible iPhone 12 Pro Max - Sexy Lips Lipstick High-Heel - White - 3D Handmade Glitter Bling Leather Cover with Screen Protector & Beaded Phone Lanyard,4.4 out of 5 stars.,https://m.media-amazon.com/images/I/61gxjJYa7qL.__AC_SX300_SY300_QL70_ML2_.jpg
"Rifle Paper Co. iPhone 15 Pro Max Case [Compatible with MagSafe] [12ft Drop Protection] Cute iPhone Case 6.7"" with Floral Pattern, Anti-Scratch Tech, Shockproof Material, Slim Fit - Willow",4.5 out of 5 stars,https://m.media-amazon.com/images/I/71qs8RluJJL.__AC_SX300_SY300_QL70_ML2_.jpg
OtterBox Defender Series Screenless Edition Case for iPhone 12 & iPhone 12 Pro (Only) - Case Only - Non-Retail Packaging - Black,4.8 out of 5 stars,https://m.media-amazon.com/images/I/71YtsJK0z9L.__AC_SX300_SY300_QL70_ML2_.jpg
"Women Crossbody Cell Phone Purse Case Armband Bag for iPhone 12, 13 Mini, 13 Pro Max, BLU G90 Pro, G9 Pro, G91 Pro",4.5 out of 5 stars,https://m.media-amazon.com/images/I/51QF3wXDZUL.__AC_SX395_SY395_QL70_ML2_.jpg
"iPhone Charger 20W Fast Charging Cord Wall Charger with 6Ft Type C to Lightning Cable, Compatible with iPhone 14/13/12/11 Pro Max/XS/XR/8/7/Plus/iPad",4.5 out of 5 stars,https://m.media-amazon.com/images/I/610dbFGfdkL.__AC_SX300_SY300_QL70_ML2_.jpg
Case-Mate - Minis - Phone Grip - Cell Phone Holder - Suction Cup Cell Phone Stand [Removable For Wireless Charging] For iPhone 15 Pro Max/ 14 Pro Max/ 13 Pro Max/ S24 Ultra/ Pixel 8 - Twinkle Stardust,3.5 out of 5 stars,https://m.media-amazon.com/images/I/71YHT9gegNL.__AC_SX300_SY300_QL70_ML2_.jpg
Speck Presidio2 Grip Case for Apple iPhone 13 Pro Max / 12 Pro Max Coastal Blue and Black,4.5 out of 5 stars,https://m.media-amazon.com/images/I/518mWE8by5L.__AC_SY300_SX300_QL70_ML2_.jpg
"JOBY GripTight ONE Micro Stand, Universal Phone Holder, Small Tripod for Smartphone, Foldable and Portable, Watch FIFA World Cup Football, Black",4.3 out of 5 stars,https://m.media-amazon.com/images/I/41NazvG+0nL._AC_SY300_SX300_.jpg
"Motorola razr | 2023 | Unlocked | Made for US 8/128 | 32MP Camera | Summer Lilac, 73.95 x 170.82 x 7.35mm",4.3 out of 5 stars,https://m.media-amazon.com/images/I/61nVT+i3rdL._AC_SY300_SX300_.jpg
iPhone 12 Pro Max Cruiser Wife Husband Cruise Ship Cruising Partners Case,Previous page of related Sponsored Products,https://m.media-amazon.com/images/I/61X7rUKdx1L.__AC_SX300_SY300_QL70_ML2_.jpg
iPhone 12 Pro Max American Shorthair Cat Reading Book Case,Previous page of related Sponsored Products,https://m.media-amazon.com/images/I/71WfZbgfYNL.__AC_SX300_SY300_QL70_ML2_.jpg
iPhone 12 Pro Max American Shorthair Cat Sunglasses Case,5.0 out of 5 stars,https://m.media-amazon.com/images/I/71MW615kuBL.__AC_SX300_SY300_QL70_ML2_.jpg
iPhone 12 Pro Max Solar Eclipse 2024 -Golden Sun Case,Previous page of related Sponsored Products,https://m.media-amazon.com/images/I/51W-bUsED7L.__AC_SX300_SY300_QL70_ML2_.jpg
iPhone 12 Pro Max Golden Retriever Dog Sunglasses Case,5.0 out of 5 stars,https://m.media-amazon.com/images/I/71KZHoz3ckL.__AC_SX300_SY300_QL70_ML2_.jpg
iPhone 12 Pro Max American Shorthair Cat Reading Book Case,5.0 out of 5 stars,https://m.media-amazon.com/images/I/715Fz-8MMkL.__AC_SX300_SY300_QL70_ML2_.jpg
iPhone 12 Pro Max American Shorthair Cat Reading Book Case,Previous page of related Sponsored Products,https://m.media-amazon.com/images/I/81kIyuQyABL.__AC_SX300_SY300_QL70_ML2_.jpg
iPhone 12 Pro Max Domestic Shorthair Cat Reading Book Case,Previous page of related Sponsored Products,https://m.media-amazon.com/images/I/71XAsZPq-qL.__AC_SX300_SY300_QL70_ML2_.jpg
iPhone 12 Pro Max American Shorthair Cat Reading Book Case,5.0 out of 5 stars,https://m.media-amazon.com/images/I/71gRdPx6GYL.__AC_SX300_SY300_QL70_ML2_.jpg
iPhone 12 Pro Max Colorful laughing smile with crosses for fans Case,Previous page of related Sponsored Products,https://m.media-amazon.com/images/I/71c5KN47e1L.__AC_SX300_SY300_QL70_ML2_.jpg
iPhone 12 Pro Max Watercolor Colorful Icelandic Dog Case,5.0 out of 5 stars,https://m.media-amazon.com/images/I/61P+d+6uwhL._AC_SY300_SX300_.jpg
iPhone 12 Pro Max French Bulldog Reading Book Case,5.0 out of 5 stars,https://m.media-amazon.com/images/I/71s3HU-QQhL.__AC_SX300_SY300_QL70_ML2_.jpg
iPhone 12 Pro Max Labrador Retriever Dog Sunglasses Case,Previous page of related Sponsored Products,https://m.media-amazon.com/images/I/71h5u717nbL.__AC_SX300_SY300_QL70_ML2_.jpg
iPhone 12 Pro Max Domestic Shorthair Cat Reading Book Case,5.0 out of 5 stars,https://m.media-amazon.com/images/I/71EyGIFJ8OL.__AC_SX300_SY300_QL70_ML2_.jpg
iPhone 12 Pro Max American Shorthair Cat Sunglasses Case,5.0 out of 5 stars,https://m.media-amazon.com/images/I/719PM3lsubL.__AC_SX300_SY300_QL70_ML2_.jpg
iPhone 12 Pro Max Golden Retriever Dog Reading Book Case,5.0 out of 5 stars,https://m.media-amazon.com/images/I/71KQMlqhvzL.__AC_SX300_SY300_QL70_ML2_.jpg
"JOBY GripTight ONE Micro Stand, Universal Phone Holder, Small Tripod for Smartphone, Foldable and Portable, Watch FIFA World Cup Football, Black",4.3 out of 5 stars,https://m.media-amazon.com/images/I/41NazvG+0nL._AC_SY300_SX300_.jpg
"Motorola razr | 2023 | Unlocked | Made for US 8/128 | 32MP Camera | Summer Lilac, 73.95 x 170.82 x 7.35mm",4.3 out of 5 stars,https://m.media-amazon.com/images/I/61nVT+i3rdL._AC_SY300_SX300_.jpg
iPhone 12 Pro Max Colorful laughing smile with crosses for fans Case,Previous page of related Sponsored Products,https://m.media-amazon.com/images/I/71c5KN47e1L.__AC_SX300_SY300_QL70_ML2_.jpg
iPhone 12 Pro Max French Bulldog Reading Book Case,5.0 out of 5 stars,https://m.media-amazon.com/images/I/71LjLXiC4YL.__AC_SX300_SY300_QL70_ML2_.jpg
iPhone 12 Pro Max French Bulldog Reading Book Case,5.0 out of 5 stars,https://m.media-amazon.com/images/I/71LjLXiC4YL.__AC_SX300_SY300_QL70_ML2_.jpg
iPhone 12 Pro Max French Bulldog Reading Book Case,Previous page of related Sponsored Products,https://m.media-amazon.com/images/I/71s3HU-QQhL.__AC_SX300_SY300_QL70_ML2_.jpg
iPhone 12 Pro Max Domestic Shorthair Cat Sunglasses Case,5.0 out of 5 stars,https://m.media-amazon.com/images/I/71w2acT3Z-L.__AC_SX300_SY300_QL70_ML2_.jpg
iPhone 12 Pro Max American Shorthair Cat Sunglasses Case,5.0 out of 5 stars,https://m.media-amazon.com/images/I/7127AznJx2L.__AC_SX300_SY300_QL70_ML2_.jpg
iPhone 12 Pro Max Watercolor Colorful Icelandic Dog Case,Previous page of related Sponsored Products,https://m.media-amazon.com/images/I/61P+d+6uwhL._AC_SY300_SX300_.jpg
iPhone 12 Pro Max American Shorthair Cat Reading Book Case,5.0 out of 5 stars,https://m.media-amazon.com/images/I/71MYS4yzeaL.__AC_SX300_SY300_QL70_ML2_.jpg
iPhone 12 Pro Max American Shorthair Cat Sunglasses Case,5.0 out of 5 stars,https://m.media-amazon.com/images/I/71BAHo8vcML.__AC_SX300_SY300_QL70_ML2_.jpg
iPhone 12 Pro Max Labrador Retriever Dog Sunglasses Case,Previous page of related Sponsored Products,https://m.media-amazon.com/images/I/71h5u717nbL.__AC_SX300_SY300_QL70_ML2_.jpg
iPhone 12 Pro Max Golden Retriever Dog Sunglasses Case,5.0 out of 5 stars,https://m.media-amazon.com/images/I/717cwyXlZGL.__AC_SX300_SY300_QL70_ML2_.jpg
iPhone 12 Pro Max American Shorthair Cat Reading Book Case,5.0 out of 5 stars,https://m.media-amazon.com/images/I/71QsfGwCXjL.__AC_SX300_SY300_QL70_ML2_.jpg
iPhone 12 Pro Max Domestic Shorthair Cat Reading Book Case,Previous page of related Sponsored Products,https://m.media-amazon.com/images/I/71EyGIFJ8OL.__AC_SX300_SY300_QL70_ML2_.jpg
iPhone 12 Pro Max Golden Retriever Dog Reading Book Case,Previous page of related Sponsored Products,https://m.media-amazon.com/images/I/71KQMlqhvzL.__AC_SX300_SY300_QL70_ML2_.jpg
iPhone 12 Pro Max American Shorthair Cat Sunglasses Case,Previous page of related Sponsored Products,https://m.media-amazon.com/images/I/719PM3lsubL.__AC_SX300_SY300_QL70_ML2_.jpg
iPhone 12 Pro Max Snowboard Culture Telluride Colorado Case,5.0 out of 5 stars,https://m.media-amazon.com/images/I/61R7Awi24cL.__AC_SX300_SY300_QL70_ML2_.jpg
"JOBY GripTight ONE Micro Stand, Universal Phone Holder, Small Tripod for Smartphone, Foldable and Portable, Watch FIFA World Cup Football, Black",4.3 out of 5 stars,https://m.media-amazon.com/images/I/41NazvG+0nL._AC_SY300_SX300_.jpg
"Motorola razr | 2023 | Unlocked | Made for US 8/128 | 32MP Camera | Summer Lilac, 73.95 x 170.82 x 7.35mm",4.3 out of 5 stars,https://m.media-amazon.com/images/I/61nVT+i3rdL._AC_SY300_SX300_.jpg
iPhone 12 Pro Max American Shorthair Cat Reading Book Case,Previous page of related Sponsored Products,https://m.media-amazon.com/images/I/81kIyuQyABL.__AC_SX300_SY300_QL70_ML2_.jpg
iPhone 12 Pro Max French Bulldog Reading Book Case,Previous page of related Sponsored Products,https://m.media-amazon.com/images/I/71s3HU-QQhL.__AC_SX300_SY300_QL70_ML2_.jpg
iPhone 12 Pro Max Domestic Shorthair Cat Sunglasses Case,Previous page of related Sponsored Products,https://m.media-amazon.com/images/I/71w2acT3Z-L.__AC_SX300_SY300_QL70_ML2_.jpg
iPhone 12 Pro Max Watercolor Colorful Icelandic Dog Case,Previous page of related Sponsored Products,https://m.media-amazon.com/images/I/61P+d+6uwhL._AC_SY300_SX300_.jpg
iPhone 12 Pro Max American Shorthair Cat Reading Book Case,Previous page of related Sponsored Products,https://m.media-amazon.com/images/I/71MYS4yzeaL.__AC_SX300_SY300_QL70_ML2_.jpg
iPhone 12 Pro Max French Bulldog Reading Book Case,5.0 out of 5 stars,https://m.media-amazon.com/images/I/71Qn4+dRW1L._AC_SY300_SX300_.jpg
iPhone 12 Pro Max American Shorthair Cat Sunglasses Case,Previous page of related Sponsored Products,https://m.media-amazon.com/images/I/7127AznJx2L.__AC_SX300_SY300_QL70_ML2_.jpg
iPhone 12 Pro Max American Shorthair Cat Sunglasses Case,Previous page of related Sponsored Products,https://m.media-amazon.com/images/I/71BAHo8vcML.__AC_SX300_SY300_QL70_ML2_.jpg
iPhone 12 Pro Max Labrador Retriever Dog Sunglasses Case,Previous page of related Sponsored Products,https://m.media-amazon.com/images/I/71h5u717nbL.__AC_SX300_SY300_QL70_ML2_.jpg
iPhone 12 Pro Max Golden Retriever Dog Sunglasses Case,Previous page of related Sponsored Products,https://m.media-amazon.com/images/I/717cwyXlZGL.__AC_SX300_SY300_QL70_ML2_.jpg
iPhone 12 Pro Max American Shorthair Cat Reading Book Case,Previous page of related Sponsored Products,https://m.media-amazon.com/images/I/71QsfGwCXjL.__AC_SX300_SY300_QL70_ML2_.jpg
iPhone 12 Pro Max Domestic Shorthair Cat Reading Book Case,Previous page of related Sponsored Products,https://m.media-amazon.com/images/I/71EyGIFJ8OL.__AC_SX300_SY300_QL70_ML2_.jpg
iPhone 12 Pro Max Domestic Shorthair Cat Reading Book Case,5.0 out of 5 stars,https://m.media-amazon.com/images/I/71M5AespJoL.__AC_SX300_SY300_QL70_ML2_.jpg
iPhone 12 Pro Max American Shorthair Cat Sunglasses Case,Previous page of related Sponsored Products,https://m.media-amazon.com/images/I/719PM3lsubL.__AC_SX300_SY300_QL70_ML2_.jpg
iPhone 12 Pro Max Snowboard Culture Telluride Colorado Case,Previous page of related Sponsored Products,https://m.media-amazon.com/images/I/61R7Awi24cL.__AC_SX300_SY300_QL70_ML2_.jpg
iPhone 12 Pro Max Golden Retriever Dog Reading Book Case,Previous page of related Sponsored Products,https://m.media-amazon.com/images/I/71KQMlqhvzL.__AC_SX300_SY300_QL70_ML2_.jpg
"Motorola razr | 2023 | Unlocked | Made for US 8/128 | 32MP Camera | Summer Lilac, 73.95 x 170.82 x 7.35mm",4.3 out of 5 stars,https://m.media-amazon.com/images/I/61nVT+i3rdL._AC_SY300_SX300_.jpg
"Motorola razr+ | 2023 | Unlocked | Made for US 8/256 | 32 MPCamera |Blue, 73.95x170.83x6.99mm",4.1 out of 5 stars,https://m.media-amazon.com/images/I/617sNgvewWL.__AC_SX300_SY300_QL70_ML2_.jpg
iPhone 12 Pro Max Domestic Shorthair Cat Reading Book Case,Previous page of related Sponsored Products,https://m.media-amazon.com/images/I/71M5AespJoL.__AC_SX300_SY300_QL70_ML2_.jpg
iPhone 12 Pro Max Domestic Shorthair Cat Reading Book Case,Previous page of related Sponsored Products,https://m.media-amazon.com/images/I/71EyGIFJ8OL.__AC_SX300_SY300_QL70_ML2_.jpg
iPhone 12 Pro Max American Shorthair Cat Sunglasses Case,Previous page of related Sponsored Products,https://m.media-amazon.com/images/I/719PM3lsubL.__AC_SX300_SY300_QL70_ML2_.jpg
iPhone 12 Pro Max Snowboard Culture Telluride Colorado Case,Previous page of related Sponsored Products,https://m.media-amazon.com/images/I/61R7Awi24cL.__AC_SX300_SY300_QL70_ML2_.jpg
iPhone 12 Pro Max AI Data Scientist Deep learning Date Engineer Case,5.0 out of 5 stars,https://m.media-amazon.com/images/I/61XmaIJ3kYL.__AC_SX300_SY300_QL70_ML2_.jpg
"iPhone 12 Pro Max Nature Hedgehog, Floral, Dandelions, Butterfly, Wishes! Case",5.0 out of 5 stars,https://m.media-amazon.com/images/I/61D8x+fBbkL._AC_SY300_SX300_.jpg
iPhone 12 Pro Max Cute Bunny with Easter Bunnies Sequin Effect Case,5.0 out of 5 stars,https://m.media-amazon.com/images/I/61h+fGVqI9L._AC_SY300_SX300_.jpg
"iPhone 12 Pro Max Scuba Diving Moorea, Scuba Diver Vacation Case",5.0 out of 5 stars,https://m.media-amazon.com/images/I/51fLJ4raDjL.__AC_SX300_SY300_QL70_ML2_.jpg
iPhone 12 Pro Max Awesome Since February 2008 16th Birthday Retro Case,5.0 out of 5 stars,https://m.media-amazon.com/images/I/616yyTqp3+L._AC_SY300_SX300_.jpg
iPhone 12 Pro Max White Flower Vase Hummingbird Painting Inspirational Quote Case,5.0 out of 5 stars,https://m.media-amazon.com/images/I/71TEpqWjl8L.__AC_SX300_SY300_QL70_ML2_.jpg
iPhone 12 Pro Max Stepdad Of the Astronaut Space Birthday Family Boys Kids Case,5.0 out of 5 stars,https://m.media-amazon.com/images/I/61fAYSt3xuL.__AC_SX300_SY300_QL70_ML2_.jpg
iPhone 12 Pro Max Awesome Since February 2009 15th Birthday Retro Case,5.0 out of 5 stars,https://m.media-amazon.com/images/I/61hpUUg9HuL.__AC_SX300_SY300_QL70_ML2_.jpg
iPhone 12 Pro Max Funny Jok for who love making jokes ;phone Case,5.0 out of 5 stars,https://m.media-amazon.com/images/I/61nQFTgCtTL.__AC_SX300_SY300_QL70_ML2_.jpg
iPhone 12 Pro Max Jesus Lion And Lamb Jesus Is My Everything Case,5.0 out of 5 stars,https://m.media-amazon.com/images/I/81A4xBGW9IL.__AC_SX300_SY300_QL70_ML2_.jpg
iPhone 12 Pro Max Watercolor Colorful Karelian Bear Dog Dogs Case,5.0 out of 5 stars,https://m.media-amazon.com/images/I/61UljPtZdhL.__AC_SX300_SY300_QL70_ML2_.jpg
iPhone 12 Pro Max 1st Cavalry 4th Brigade Long Knife Army Case,5.0 out of 5 stars,https://m.media-amazon.com/images/I/51OCTmm+LIL._AC_SY300_SX300_.jpg
"Motorola razr | 2023 | Unlocked | Made for US 8/128 | 32MP Camera | Summer Lilac, 73.95 x 170.82 x 7.35mm",4.3 out of 5 stars,https://m.media-amazon.com/images/I/61nVT+i3rdL._AC_SY300_SX300_.jpg
"Motorola razr+ | 2023 | Unlocked | Made for US 8/256 | 32 MPCamera |Blue, 73.95x170.83x6.99mm",4.1 out of 5 stars,https://m.media-amazon.com/images/I/617sNgvewWL.__AC_SX300_SY300_QL70_ML2_.jpg
iPhone 12 Pro Max Awesome Since February 2008 16th Birthday Retro Case,Previous page of related Sponsored Products,https://m.media-amazon.com/images/I/616yyTqp3+L._AC_SY300_SX300_.jpg
iPhone 12 Pro Max Peace A Tee That Says Peace for Men and Women Case,5.0 out of 5 stars,https://m.media-amazon.com/images/I/51oCYA-DizL.__AC_SX300_SY300_QL70_ML2_.jpg
iPhone 12 Pro Max White Flower Vase Hummingbird Painting Inspirational Quote Case,Previous page of related Sponsored Products,https://m.media-amazon.com/images/I/71TEpqWjl8L.__AC_SX300_SY300_QL70_ML2_.jpg
iPhone 12 Pro Max Awesome Since February 2014 10th Birthday Retro Case,5.0 out of 5 stars,https://m.media-amazon.com/images/I/61zt8nKC3ZL.__AC_SX300_SY300_QL70_ML2_.jpg
iPhone 12 Pro Max Stepmom Of the Astronaut Space Birthday Family Boys Kids Case,5.0 out of 5 stars,https://m.media-amazon.com/images/I/61NGsi0zVfL.__AC_SX300_SY300_QL70_ML2_.jpg
iPhone 12 Pro Max Awesome Since February 2009 15th Birthday Retro Case,Previous page of related Sponsored Products,https://m.media-amazon.com/images/I/61hpUUg9HuL.__AC_SX300_SY300_QL70_ML2_.jpg
iPhone 12 Pro Max Stepdad Of the Astronaut Space Birthday Family Boys Kids Case,Previous page of related Sponsored Products,https://m.media-amazon.com/images/I/61fAYSt3xuL.__AC_SX300_SY300_QL70_ML2_.jpg
iPhone 12 Pro Max Jesus Lion And Lamb Jesus Is My Everything Case,Previous page of related Sponsored Products,https://m.media-amazon.com/images/I/81A4xBGW9IL.__AC_SX300_SY300_QL70_ML2_.jpg
iPhone 12 Pro Max Funny Jok for who love making jokes ;phone Case,Previous page of related Sponsored Products,https://m.media-amazon.com/images/I/61nQFTgCtTL.__AC_SX300_SY300_QL70_ML2_.jpg
iPhone 12 Pro Max 1st Cavalry 4th Brigade Long Knife Army Case,Previous page of related Sponsored Products,https://m.media-amazon.com/images/I/51OCTmm+LIL._AC_SY300_SX300_.jpg
iPhone 12 Pro Max Africa Map with Fist African Adinkra Pattern Case,5.0 out of 5 stars,https://m.media-amazon.com/images/I/612RN7yThNL.__AC_SX300_SY300_QL70_ML2_.jpg
iPhone 12 Pro Max Watercolor Colorful Lagotto Romagnolo Dogs Case,5.0 out of 5 stars,https://m.media-amazon.com/images/I/61Ryf1S-bHL.__AC_SX300_SY300_QL70_ML2_.jpg
iPhone 12 Pro Max StepDad Of the Astronaut Space Birthday Family Boys Kids Case,5.0 out of 5 stars,https://m.media-amazon.com/images/I/61errSQBkIL.__AC_SX300_SY300_QL70_ML2_.jpg
iPhone 12 Pro Max Future Dolphin Trainer Sea Ocean Animal Case,5.0 out of 5 stars,https://m.media-amazon.com/images/I/61QJOzVF+9L._AC_SY300_SX300_.jpg
iPhone 12 Pro Max MERCHWEAVER Easily Distracted By Books And Tea Book Lovers Case,5.0 out of 5 stars,https://m.media-amazon.com/images/I/61yEnTPaDqL.__AC_SX300_SY300_QL70_ML2_.jpg
iPhone 12 Pro Max Cottagecore Aesthetic Floral Butterfly Moth Bee Flowers Case,5.0 out of 5 stars,https://m.media-amazon.com/images/I/71ChRCUUghL.__AC_SX300_SY300_QL70_ML2_.jpg
"Motorola razr | 2023 | Unlocked | Made for US 8/128 | 32MP Camera | Summer Lilac, 73.95 x 170.82 x 7.35mm",4.3 out of 5 stars,https://m.media-amazon.com/images/I/61nVT+i3rdL._AC_SY300_SX300_.jpg
"Motorola razr+ | 2023 | Unlocked | Made for US 8/256 | 32 MPCamera |Blue, 73.95x170.83x6.99mm",4.1 out of 5 stars,https://m.media-amazon.com/images/I/617sNgvewWL.__AC_SX300_SY300_QL70_ML2_.jpg
iPhone 12 Pro Max Africa Map with Fist African Adinkra Pattern Case,5.0 out of 5 stars,https://m.media-amazon.com/images/I/51-lERU0ffL.__AC_SX300_SY300_QL70_ML2_.jpg
iPhone 12 Pro Max AI Data Scientist Deep learning Date Engineer Case,5.0 out of 5 stars,https://m.media-amazon.com/images/I/61KFNkze+bL._AC_SY300_SX300_.jpg
iPhone 12 Pro Max StepMom Of the Astronaut Space Birthday Family Boys Kids Case,5.0 out of 5 stars,https://m.media-amazon.com/images/I/61DP3yUU+DL._AC_SY300_SX300_.jpg
iPhone 12 Pro Max Proud Sister Of Sonographer Sonography Technician Graphic Case,5.0 out of 5 stars,https://m.media-amazon.com/images/I/61bypV5hYcL.__AC_SX300_SY300_QL70_ML2_.jpg
iPhone 12 Pro Max Butcher's Queen Meat Trader Butchery Husband Butcher Case,5.0 out of 5 stars,https://m.media-amazon.com/images/I/61RjShbfLWL.__AC_SX300_SY300_QL70_ML2_.jpg
iPhone 12 Pro Max funny and cool duck with sunglasses and smoke Case,5.0 out of 5 stars,https://m.media-amazon.com/images/I/61nZeNQ6k0L.__AC_SX300_SY300_QL70_ML2_.jpg
iPhone 12 Pro Max Just A Girl Who Loves Music Musician Case,5.0 out of 5 stars,https://m.media-amazon.com/images/I/61GUuQ2g1EL.__AC_SX300_SY300_QL70_ML2_.jpg
iPhone 12 Pro Max Native American Bigfoot Indian Sasquatch Headdress Case,5.0 out of 5 stars,https://m.media-amazon.com/images/I/615U8PR3aiL.__AC_SX300_SY300_QL70_ML2_.jpg
"Coach iPhone 15 Pro Max Case, Compatible with MagSafe - Signature Ombre Deep Forest",4.1 out of 5 stars,https://m.media-amazon.com/images/I/61iUerio4lL.__AC_SX300_SY300_QL70_ML2_.jpg
OtterBox Defender Series Replacement Belt Clip Holster for iPhone 13 PRO MAX & iPhone 12 PRO MAX (ONLY) Black,4.3 out of 5 stars,https://m.media-amazon.com/images/I/510an5jpbIL.__AC_SX300_SY300_QL70_ML2_.jpg
"Anime Phone Case Compatible with iPhone 12 Pro Max, Cartoon Satoru Gojo Suguru Geto Figure Soft Phone Case for iPhone 12 Pro Max Comes with Keychain (Gojo, for iPhone 12 Pro Max)",4.6 out of 5 stars,https://m.media-amazon.com/images/I/61nUMMhey2L.__AC_SX300_SY300_QL70_ML2_.jpg
"Invisible Stand Holder Case for iPhone 14/13 /12/ Pro Max with Bracket,Compatible with Magsafe, Window Glass Lens Camera Protector Magnetic Cover (Black,for iPhone 12 Pro)",Previous page of related Sponsored Products,https://m.media-amazon.com/images/I/614Z54ui4pL.__AC_SX300_SY300_QL70_ML2_.jpg
iPhone 12 Pro Max Gammy Gifts Women One Loved Gammy Mother's Day Case,5.0 out of 5 stars,https://m.media-amazon.com/images/I/51Ul8ZGl9GL.__AC_SX300_SY300_QL70_ML2_.jpg
iPhone 12 Pro Max Funny Pickled Herring Lover Quote Sweden Food Humor Case,5.0 out of 5 stars,https://m.media-amazon.com/images/I/51D8IhxH6SL.__AC_SX300_SY300_QL70_ML2_.jpg
iPhone 12 Pro Max Wrestling On The Mat We Speak The Truth Funny Wrestler Case,5.0 out of 5 stars,https://m.media-amazon.com/images/I/61nYF4J-ZGL.__AC_SX300_SY300_QL70_ML2_.jpg
iPhone 12 Pro Max Gamma Gifts Women One Loved Gamma Mother's Day Case,5.0 out of 5 stars,https://m.media-amazon.com/images/I/51W5HlaWn6L.__AC_SX300_SY300_QL70_ML2_.jpg
"Motorola razr | 2023 | Unlocked | Made for US 8/128 | 32MP Camera | Summer Lilac, 73.95 x 170.82 x 7.35mm",4.3 out of 5 stars,https://m.media-amazon.com/images/I/61nVT+i3rdL._AC_SY300_SX300_.jpg
"Motorola razr+ | 2023 | Unlocked | Made for US 8/256 | 32 MPCamera |Blue, 73.95x170.83x6.99mm",4.1 out of 5 stars,https://m.media-amazon.com/images/I/617sNgvewWL.__AC_SX300_SY300_QL70_ML2_.jpg
"95% New Genuine iPhone 12 Pro Max 128GB 256GB 512GB ROM 6.7"" OLED RAM 6GB A14 Bionic iOS Face ID NFC Unlocked 5G Standard/Silver / 512G|6GB",Previous page of related Sponsored Products,https://m.media-amazon.com/images/I/51S-KI6gN9L.__AC_SX300_SY300_QL70_ML2_.jpg
"tech21 Evo Check Phone Case for Apple iPhone 12 Pro Max 5G with 12 ft Drop Protection, Luminous Yellow",4.7 out of 5 stars,https://m.media-amazon.com/images/I/71Dw98FTdhL.__AC_SX300_SY300_QL70_ML2_.jpg
Spigen Camera Lens Screen Protector [GlasTR Optik] designed for iPhone 12 Pro Max (2020) - Pacific Blue [2 Pack],4.2 out of 5 stars,https://m.media-amazon.com/images/I/51yPVjNPpKL.__AC_SX300_SY300_QL70_ML2_.jpg
Phone Case Genuine Leather Case Compatible with iPhone 12 Pro Max（6.7 inch) with Card Holder Card Slot Shock-Absorbent Protective Leather Case Compatible with iPhone 12 Pro Max Case [Lens protection],5.0 out of 5 stars,https://m.media-amazon.com/images/I/71KwH0wJCLL.__AC_SX300_SY300_QL70_ML2_.jpg
Case-Mate Crossbody Phone Lanyard/Chain [Works with All Phones] Hands-Free Cell Phone Strap - Phone Charm - Neck Chain Holder for iPhone 15 Pro Max/ 14 Pro Max/ 13 Pro Max/ 12/ S24 Ultra - Beige Rope,4.5 out of 5 stars,https://m.media-amazon.com/images/I/61s4avd74vL.__AC_SX300_SY300_QL70_ML2_.jpg
"Victor for iPhone 11 12 13 14 15 Pro Max Pink KT Phone Cover Case - 3D Cartoon Cute Cat, TPU Shocproof, for Women with Fashion Pearl Strap Lanyard (Pink, for iPhone 12 Pro MAX)",5.0 out of 5 stars,https://m.media-amazon.com/images/I/61GDXxePDgL.__AC_SX300_SY300_QL70_ML2_.jpg
"JOCSEN i15 Pro Max Unlocked Phone, 6+256GB Android 13 Smartphone with 128GB Memory Card, Battery 6800mAh 6.82HD Screen Cell Phone, Support Dual SIM/5G/Face Unlock/Fingerprint Lock/GPS(Purple)",Previous page of related Sponsored Products,https://m.media-amazon.com/images/I/61VqgxWtOlL.__AC_SX300_SY300_QL70_ML2_.jpg
"Phone Case Case Compatible with iPhone 12 Pro Max, Compatible with iPhone 12 Pro Max Case Heavy Duty Shock Absorption Full Body Protective Case TPU Rubber and Hard PC Phone Case Cover with Retractable",5.0 out of 5 stars,https://m.media-amazon.com/images/I/713EzQHcQrL.__AC_SX300_SY300_QL70_ML2_.jpg
"LifeProof iPhone 12 Pro Max FRĒ Series Case - FRĒE DIVER (OCEAN DEPTHS/PEACOCK BLUE), waterproof IP68, built-in screen protector, port cover protection, snaps to MagSafe",4.2 out of 5 stars,https://m.media-amazon.com/images/I/51YLT691KyL.__AC_SX300_SY300_QL70_ML2_.jpg
iPhone 12 Pro Max Miniature Dachshund Dog Face Doxie Mama Weenie Mom Case,5.0 out of 5 stars,https://m.media-amazon.com/images/I/61mgqDCiERL.__AC_SX300_SY300_QL70_ML2_.jpg
iPhone 12 Pro Max Retirement Plan Bigfoot Retired And Ready To Find Bigfoot Case,5.0 out of 5 stars,https://m.media-amazon.com/images/I/61ybbDDYJML.__AC_SX300_SY300_QL70_ML2_.jpg
iPhone 12 Pro Max Big Sister Of the Astronaut Space Birthday Family Boys Kids Case,5.0 out of 5 stars,https://m.media-amazon.com/images/I/61LajYV7CKL.__AC_SX300_SY300_QL70_ML2_.jpg
iPhone 12 Pro Max Awesome Since February 2000 24th Birthday Retro Case,5.0 out of 5 stars,https://m.media-amazon.com/images/I/613N+55RNuL._AC_SY300_SX300_.jpg
iPhone 12 Pro Max Easter Mawmaw Bunny With Cute Egg Happy Easter Day Case,5.0 out of 5 stars,https://m.media-amazon.com/images/I/61FJWSIUtVL.__AC_SX300_SY300_QL70_ML2_.jpg
iPhone 12 Pro Max Cancer Nursing Department RN Cute Gynecologic Oncology Nurse Case,5.0 out of 5 stars,https://m.media-amazon.com/images/I/613zf5b5XRL.__AC_SX300_SY300_QL70_ML2_.jpg
iPhone 12 Pro Max Blood Disorder Nursing Department RN Cute Hematology Nurse Case,5.0 out of 5 stars,https://m.media-amazon.com/images/I/61-RGxIkJIL.__AC_SX300_SY300_QL70_ML2_.jpg
"Motorola razr | 2023 | Unlocked | Made for US 8/128 | 32MP Camera | Summer Lilac, 73.95 x 170.82 x 7.35mm",4.3 out of 5 stars,https://m.media-amazon.com/images/I/61nVT+i3rdL._AC_SY300_SX300_.jpg
"Motorola razr+ | 2023 | Unlocked | Made for US 8/256 | 32 MPCamera |Blue, 73.95x170.83x6.99mm",4.1 out of 5 stars,https://m.media-amazon.com/images/I/617sNgvewWL.__AC_SX300_SY300_QL70_ML2_.jpg
iPhone 12 Pro Max Easter Leelee Bunny With Cute Egg Happy Easter Day Case,5.0 out of 5 stars,https://m.media-amazon.com/images/I/61jlqJE-1aL.__AC_SX300_SY300_QL70_ML2_.jpg
iPhone 12 Pro Max Punk Rock Fairy Graphic: Shredder Freedom Art Design Case,5.0 out of 5 stars,https://m.media-amazon.com/images/I/612Sa8OYbVL.__AC_SX300_SY300_QL70_ML2_.jpg
iPhone 12 Pro Max CVICU Nursing Department Cardiovascular Intensive Care Nurse Case,5.0 out of 5 stars,https://m.media-amazon.com/images/I/61nXv-yHR5L.__AC_SX300_SY300_QL70_ML2_.jpg
iPhone 12 Pro Max Easter Mema Bunny With Cute Egg Happy Easter Day Case,5.0 out of 5 stars,https://m.media-amazon.com/images/I/6174G5-XYXL.__AC_SX300_SY300_QL70_ML2_.jpg
iPhone 12 Pro Max Easter Lele Bunny With Cute Egg Happy Easter Day Case,5.0 out of 5 stars,https://m.media-amazon.com/images/I/61yxV2wM3ML.__AC_SX300_SY300_QL70_ML2_.jpg
iPhone 12 Pro Max Leprechaun Playing Basketball Funny St Patricks Day Lucky Case,5.0 out of 5 stars,https://m.media-amazon.com/images/I/71E5xzeOOtL.__AC_SX300_SY300_QL70_ML2_.jpg
iPhone 12 Pro Max Japanese Fox Cherry Blossom Flower Sakura Trees Kawaii Case,5.0 out of 5 stars,https://m.media-amazon.com/images/I/71A5r3r6oGL.__AC_SX300_SY300_QL70_ML2_.jpg
iPhone 12 Pro Max Researcher Nursing Department RN Cute Clinical Trial Nurse Case,5.0 out of 5 stars,https://m.media-amazon.com/images/I/612fgjPcClL.__AC_SX300_SY300_QL70_ML2_.jpg
iPhone 12 Pro Max Easter Ma Bunny With Cute Egg Happy Easter Day Case,5.0 out of 5 stars,https://m.media-amazon.com/images/I/61ZDqDT+8ZL._AC_SY300_SX300_.jpg
iPhone 12 Pro Max Easter Meemaw Bunny With Cute Egg Happy Easter Day Case,5.0 out of 5 stars,https://m.media-amazon.com/images/I/61gVSyckoQL.__AC_SX300_SY300_QL70_ML2_.jpg
iPhone 12 Pro Max Easter Mam Bunny With Cute Egg Happy Easter Day Case,5.0 out of 5 stars,https://m.media-amazon.com/images/I/61V7vfkIPUL.__AC_SX300_SY300_QL70_ML2_.jpg
"iPhone 12 Pro Max funny shock dog face, funny chihuahua dog meme Case",5.0 out of 5 stars,https://m.media-amazon.com/images/I/61Zn9Ea1G6L.__AC_SX300_SY300_QL70_ML2_.jpg
iPhone 12 Pro Max Ultrasound Nursing Department RN Cute Echocardiography Nurse Case,5.0 out of 5 stars,https://m.media-amazon.com/images/I/61MHiIFQgdL.__AC_SX300_SY300_QL70_ML2_.jpg
iPhone 12 Pro Max Kiss me I'm Irish st Patrick's day Case,5.0 out of 5 stars,https://m.media-amazon.com/images/I/61yvliuZ2SL.__AC_SX300_SY300_QL70_ML2_.jpg
iPhone 12 Pro Max Lepricorn Funny Leprechaun Riding Unicorn St Patricks Day Case,5.0 out of 5 stars,https://m.media-amazon.com/images/I/61-bf+ki1rL._AC_SY300_SX300_.jpg
iPhone 12 Pro Max Lepricorn Funny Leprechaun Riding Unicorn St Patricks Day Case,5.0 out of 5 stars,https://m.media-amazon.com/images/I/61tNOiQ1SOL.__AC_SX300_SY300_QL70_ML2_.jpg
"Motorola razr | 2023 | Unlocked | Made for US 8/128 | 32MP Camera | Summer Lilac, 73.95 x 170.82 x 7.35mm",4.3 out of 5 stars,https://m.media-amazon.com/images/I/61nVT+i3rdL._AC_SY300_SX300_.jpg
"Motorola razr+ | 2023 | Unlocked | Made for US 8/256 | 32 MPCamera |Blue, 73.95x170.83x6.99mm",4.1 out of 5 stars,https://m.media-amazon.com/images/I/617sNgvewWL.__AC_SX300_SY300_QL70_ML2_.jpg
iPhone 12 Pro Max Emerald Green Shamrock Irish DarkGreen Backround For Girls Case,5.0 out of 5 stars,https://m.media-amazon.com/images/I/71+R-pzfWEL._AC_SY300_SX300_.jpg
iPhone 12 Pro Max Emerald Green Shamrock Irish DarkGreen Backround For Girls Case,5.0 out of 5 stars,https://m.media-amazon.com/images/I/71UhqxhaDaL.__AC_SX300_SY300_QL70_ML2_.jpg
