SubCategoryID,CategoryID,Name
625.0,623,Architecture
5770.0,623,Graphic Design
626.0,623,"Religion, Culture"
9423.0,623,Photography
112.0,623,Decorative Arts & Design
97.0,623,Other Arts
18358.0,623,Drawing & Painting
18360.0,623,Fashion
18362.0,623,History - Criticism
18364.0,623,Sculpture
126.0,623,Music
101.0,623,Performing Arts
18366.0,623,"Collections, Catalogs & Exhibitions"
68040.0,623,Study & Teaching
201.0,27,Business Leaders
203.0,27,Celebrities & Famous People
205.0,27,Family & Childhood
202.0,27,"Historical, Political & Military"
204.0,27,Autobiography & Memoirs
181.0,27,Travelers & Explorers
15658.0,27,Arts & Literature
15660.0,27,True Crime
18368.0,27,Sports & Outdoor
68041.0,27,Reference & Collections
68042.0,27,Survival
68043.0,27,Travelers & Explorers
47.0,4,Finance
15410.0,4,Economics
20.0,4,Investment
50.0,4,Job - Career
13.0,4,Management - Leadership
43.0,4,Marketing - Sales
59.0,4,Personal Finance
9882.0,4,Processes & Infrastructure
56.0,4,Skills
68044.0,4,Business and Entrepreneurship
9900.0,614,Communication & Social Skills
334.0,614,Creativity
10999.0,614,Emotions
9902.0,614,Motivational
247.0,614,Personal Improvement
10998.0,614,Relationship
248.0,614,Religion - Spirituality
9899.0,614,Stress Management
249.0,614,Success
68097.0,614,Anxieties & Phobias
68098.0,614,Art Therapy & Relaxation
68099.0,614,Happiness
80.0,7,Baby - Toddler
9885.0,7,"Colouring, Sticker & Activity"
11020.0,7,Early Learning
11019.0,7,Education & Reference
11018.0,7,Picture & Storybooks
9896.0,7,"Science, Nature & How It Works"
9897.0,7,Growing Up & Facts of Life
11014.0,7,"History, Geography & Cultures"
11015.0,7,Literature & Fiction
14810.0,7,Series Books
14864.0,282,English Language Dictionary
14866.0,282,Bilingual Dictionary
14652.0,282,Children's & School Dictionary
14870.0,5308,Teaching - Learning
14872.0,5308,ELTs
14896.0,5308,"Grammar, vocabulary & skills"
14898.0,5308,Graded Readers
14900.0,5308,Test Preparation
142.0,9,Children's Action & Adventure
139.0,9,Classic
140.0,9,Contemporary
10997.0,9,Dramas & Plays
141.0,9,Historical Fiction
73.0,9,Humor & Satire
10996.0,9,Literary
8.0,9,"Mystery, Thriller & Suspense"
9864.0,9,Mythology & Folk Tales
9422.0,9,Romance
10995.0,9,Short Stories & Anthologies
145.0,9,Poetry
110.0,9,History - Criticism
14920.0,9,Comics & Graphic Novels
14922.0,9,Women's Fiction
11016.0,9,Science Fiction & Fantasy
68095.0,9,Ancient & Medieval Literature
68096.0,9,World Literature
,6445,
68100.0,218,Basic Medical Sciences
68101.0,218,Dentistry
68102.0,218,Medical Research
68103.0,218,Medicine
68104.0,218,Nursing
178.0,28,Marriage & Adult Relationships
210.0,28,Pregnancy & Childbirth
9911.0,28,"Babysitting, Day Care & Child Care"
209.0,28,Parenting
211.0,28,Family Health & Relationship
193.0,5309,Crafts & Hobbies
11027.0,5309,"Health, Fitness & Sports"
11026.0,5309,Home Living
162.0,5309,Psychology
29.0,5309,Professions
15714.0,5309,Atlases - Encyclopedia
15716.0,5309,Gardening
68111.0,5309,Almanacs & Yearbooks
68112.0,5309,Consumer Guides
68113.0,5309,Foreign Language Reference
68114.0,5309,Jobs & Careers
68115.0,5309,Quotation Reference Books
11030.0,269,Archaeology
11031.0,269,Astronomy & Space Science
242.0,269,Agriculture & Forestry
11032.0,269,Environment
11034.0,269,Mathematics
11035.0,269,Nature & Ecology
11028.0,269,Human & Biology Science
10.0,269,Internet - Computers
24732.0,269,Others
68127.0,269,Chemistry
68128.0,269,Earth Sciences
68129.0,269,Physics
11021.0,632,Anthropology
11022.0,632,Philosophy
11023.0,632,Politics & Current Affairs
11024.0,632,Social Sciences
11025.0,632,Sociology
24.0,632,History
158.0,632,Religion and Spirituality
274.0,32,Americas
271.0,32,Asia
272.0,32,Australia & South Pacific
273.0,32,Europe
276.0,32,Vietnam
275.0,32,Guidebook series
14924.0,32,Discovery & Exploration
51186.0,32,Sách Tiếng Anh Mùa Giáng Sinh (Christmas - Santa Claus)
68130.0,32,Food & Lodging Travel Reference
68131.0,32,Travel Tips
161.0,21,Diets - Weight Loss - Nutrition
159.0,21,Drinks & Beverages
163.0,21,"Ingredients, Methods & Appliances"
14858.0,21,Regional - International
14860.0,21,Baking - Desserts
14862.0,21,Vegetarian & Vegan
68078.0,21,Beverages & Wine
68088.0,21,Cooking Education & Reference
68089.0,21,Main Courses & Side Dishes
68090.0,21,Outdoor Cooking
68091.0,21,Professional Cooking
4933.0,839,Du ký
7358.0,839,Light novel
5244.0,839,Phê Bình - Lý Luận Văn Học
5245.0,839,Phóng sự - Ký sự - Bút ký
842.0,839,Tác phẩm kinh điển
446.0,839,Thơ
843.0,839,Tiểu sử - Hồi ký
844.0,839,Tiểu Thuyết
8973.0,839,Tranh Truyện
10079.0,839,Truyện cổ tích - Ngụ ngôn
444.0,839,Truyện cười
6750.0,839,Truyện dài
1367.0,839,Truyện đam mỹ
840.0,839,Truyện Giả tưởng - Huyền Bí - Phiêu Lưu
639.0,839,Truyện kiếm hiệp
665.0,839,Truyện kinh dị
845.0,839,Truyện ngắn - Tản văn - Tạp Văn
1521.0,839,Truyện ngôn tình
664.0,839,Truyện trinh thám
26904.0,839,Ca Dao - Tục Ngữ - Thành ngữ
26902.0,839,Sách ảnh
847.0,846,Bài học kinh doanh
483.0,846,Sách doanh nhân
372.0,846,Sách khởi nghiệp
593.0,846,Sách kinh tế học
385.0,846,Sách kỹ năng làm việc
848.0,846,Sách Marketing - Bán hàng 
849.0,846,"Sách quản trị, lãnh đạo"
4144.0,846,Sách quản trị nhân lực
67904.0,846,Sách tài chính
852.0,393,Đạo đức - Kỹ năng sống
853.0,393,Kiến thức - Bách khoa
856.0,393,Tô màu - Luyện chữ  
1753.0,393,Truyện cổ tích
854.0,393,Truyện kể cho bé
6040.0,393,Truyện tranh Ehon
855.0,393,Truyện tranh thiếu nhi
1754.0,393,Văn học thiếu nhi
67953.0,393,Sách chuyển động -Tương tác
871.0,870,Sách tư duy - Kỹ năng sống
716.0,870,Sách hướng nghiệp
67929.0,870,Sách kỹ năng mềm
67945.0,870,Sách tâm lý học
6138.0,2527,Sách Thai Giáo
3271.0,2527,Sách Kiến Thức - Kỹ Năng Cho Trẻ
3320.0,2527,Cẩm nang làm cha mẹ
3272.0,2527,Sách Dinh Dưỡng - Sức Khỏe Cho Bé
68020.0,2527,Giáo dục tuổi teen
68021.0,2527,Phương pháp giáo dục trẻ
16660.0,2321,Sách Giáo Khoa Cấp 1
16662.0,2321,Sách Giáo Khoa Cấp 2
16664.0,2321,Sách Giáo Khoa Cấp 3
6991.0,2321,Giáo Trình Đại Học - Cao Đẳng
1856.0,887,Sách Học Tiếng Anh
1524.0,887,Sách Học Tiếng Nhật
1526.0,887,Sách Học Tiếng Hàn
1881.0,887,Sách Học Tiếng Hoa
1527.0,887,Ngoại Ngữ Khác
2248.0,2320,Sách tham khảo cấp I
2249.0,2320,Sách tham khảo cấp II
2250.0,2320,Sách tham khảo cấp III
7971.0,2320,Sách Luyện Thi Đại Học - Cao Đẳng
9997.0,2320,Thẻ luyện thi
18372.0,2320,Sách chuyên đề
898.0,897,Từ Điển Tiếng Anh
900.0,897,Từ Điển Tiếng Trung
899.0,897,Từ Điển Tiếng Hàn
901.0,897,Từ Điển Tiếng Nhật
902.0,897,Từ Điển Tiếng Pháp
903.0,897,Từ Điển Tiếng Việt
904.0,897,Từ Điển Ngôn Ngữ Khác
9733.0,873,Kiến Thức Bách Khoa
886.0,873,Lĩnh vực khác
7671.0,873,Sách Chiêm Tinh - Horoscope
877.0,873,Sách giáo dục
867.0,873,Sách Phong Thủy - Kinh Dịch
9120.0,873,Triết Học
67882.0,879,Sách khoa học
67883.0,879,Sách kỹ thuật
9724.0,880,Lịch Sử Việt Nam
9725.0,880,Lịch Sử Thế Giới
9727.0,881,Âm Nhạc - Điện Ảnh
9728.0,881,Mỹ Thuật - Kiến Trúc
4142.0,881,Sách Tô Màu Dành Cho Người Lớn
,1084,
67978.0,861,Công Giáo
67979.0,861,Phật giáo
67980.0,861,Tôn Giáo - Tâm Linh Khác
858.0,857,Sách Danh Nhân
859.0,857,Sách Địa Danh - Du Lịch
6992.0,857,Sách Phong Tục - Tập Quán
6993.0,875,Lý Luận Chính Trị
883.0,875,Luật - Văn Bản Luật
,882,
9721.0,876,Tin Học Văn Phòng
9723.0,876,Lập Trình
9722.0,876,Thiết Kế - Đồ Họa
68001.0,885,Sách Y Học Cổ Truyền
68002.0,885,Sách Y Học Hiện Đại
68003.0,885,Sách Y Học Khác
,1468,
6994.0,868,Sách Hôn Nhân - Giới Tính
850.0,868,Sách Tâm Lý Tuổi Teen
863.0,862,Chăm sóc sức khỏe
6989.0,862,May - Thêu - Thời Trang
4902.0,862,Sách Làm Đẹp
865.0,862,Sách Nấu ăn
68004.0,6905,Chạy bộ
68005.0,6905,Đối Kháng
68006.0,6905,Thể dục - thể thao - khác
68007.0,6905,Thể thao chơi vợt
68008.0,6905,Thể thao trí tuệ
68009.0,6905,Yoga
1860.0,1862,File Hồ Sơ - Bìa Hồ Sơ
1864.0,1862,Bút Viết Văn Phòng
1861.0,1862,Đồ Bấm - Kim Kẹp
3897.0,1862,Kẹp Bướm
3898.0,1862,Băng keo
9601.0,1862,Kéo
3899.0,1862,Kệ Đựng Hồ Sơ
3900.0,1862,Cắm Viết Các Loại
3486.0,1862,Bảng viết văn phòng
1863.0,1862,Máy tính văn phòng
3901.0,1862,Mực Các Loại
7992.0,1862,Máy Hủy Giấy
24870.0,1862,Con dấu
18380.0,1862,Dụng cụ văn phòng khác
68256.0,1862,Dao rọc giấy
68257.0,1862,Dây đeo thẻ
68258.0,1862,Dụng cụ cắt băng keo
68263.0,1862,Keo Hồ
1868.0,1858,Bút mực - Bút máy
1869.0,1858,Bút bi - Ruột bút bi
1870.0,1858,Bút chì - Ruột bút chì
1872.0,1858,Bút cao cấp
1873.0,1858,Bút lông kim
1875.0,1858,Bút lông - Ruột bút lông bảng
1874.0,1858,Bút dạ quang
1876.0,1858,Bút sơn
1879.0,1858,Bút chuyên dụng
9216.0,1858,Bút gel - Bút nước
1871.0,1858,Bút xóa - Xóa kéo
11118.0,1858,Bút vẽ kỹ thuật
11119.0,1858,Bút vẽ trên vải
11120.0,1858,Bút viết thư pháp
15464.0,1858,Bút viết học sinh
2539.0,2538,Cọ Vẽ
4261.0,2538,Bút chì màu
8934.0,2538,Bút Lông Màu
15448.0,2538,Sáp - Chì màu cho bé
68216.0,2538,Sáp màu
68221.0,2538,Màu nước
3986.0,2365,Bao Tập - Bao Sách
2450.0,2365,Sản Phẩm Giáo Dục Điện Tử
1880.0,2365,Bóp Viết - Hộp Bút
2376.0,2365,Bảng viết học sinh
2456.0,2365,Tập Học Sinh
6401.0,2365,Vỉ - Bộ Dụng Cụ Học Sinh
9283.0,2365,Gọt bút chì
9603.0,2365,Compa
24734.0,2365,Sáp nặn
24868.0,2365,Dụng cụ học sinh khác
68227.0,2365,Gôm tẩy
68232.0,2365,Thước kẻ
4734.0,1910,Flashcard Tiếng Anh
4735.0,1910,Flashcard Tiếng Nhật
6105.0,1910,Flashcard Tiếng Trung
9176.0,1910,Flashcards Cho Bé
15466.0,1910,Flashcard Luyện Thi Tiếng Anh
18382.0,1910,Flashcard Tiếng Hàn
67389.0,1910,Flashcard trắng trơn
67402.0,1899,Sổ tay bìa da
67403.0,1899,Sổ tay dán gáy
67404.0,1899,Sổ tay gáy lò xo
24872.0,1907,Tập 4 ô ly
24874.0,1907,Tập 5 ô ly
24876.0,1907,Tập kẻ ngang
2369.0,2333,Đĩa Nhạc
2370.0,2333,Đĩa Phim
11926.0,2333,Bao lì xì
2375.0,2333,Thể Loại Khác
,6210,
,5674,
1923.0,2452,Máy tính điện tử để bàn
1925.0,2452,Máy tính bỏ túi
1922.0,2452,Máy Tính Khoa Học
4645.0,2452,Phụ Kiện Trang Trí Máy Tính
4313.0,3892,Lịch Bloc
4315.0,3892,Sổ Agenda
4314.0,3892,Lịch Bàn
3893.0,3892,Lịch Tờ - Lịch Lò Xo
,16458,
18390.0,2368,Giấy các loại
18388.0,2368,Hộp và thùng lưu trữ
67405.0,2368,Giấy in
18400.0,18398,Bàn cắt giấy
18402.0,18398,Máy đóng gáy lò xo
18404.0,18398,Máy ép plastic
18406.0,18398,Thiết bị văn phòng khác
67393.0,18378,Bảng con học sinh
67394.0,18378,Bảng Flipchart
67395.0,18378,Bảng Ghim - Bảng treo tường
67396.0,18378,Bảng từ trắng viết bút lông
67397.0,18378,Bảng xanh viết phấn
67398.0,18378,Lau bảng
67399.0,18378,Phấn viết bảng
,4624,
67407.0,6225,Bookmark giấy
67408.0,6225,Bookmark kim loại
67409.0,6225,Bookmark nhựa
,6541,
,18330,
68194.0,8264,Album ảnh dán
68195.0,8264,Album sưu tầm
68201.0,8264,Photo Album
,18332,
,18334,
,6246,
,6226,
,18346,
,6215,
,8265,
,6212,
,6213,
67414.0,6214,Style cổ điển
67415.0,6214,Style hiện đại
67416.0,18342,Đồ decor nhà cửa
67417.0,18342,Giấy rơm lót hộp quà
67418.0,18342,Hạt xốp lót hộp quà
67419.0,18342,Mô hình trang trí
67420.0,18342,Phụ kiện - vật liệu trang trí - khác
67421.0,18342,Trang trí giáng sinh
67422.0,18342,Trang trí sinh nhật
67423.0,18342,Trang trí Tết
,18344,
,25706,
68203.0,68202,Khung để bàn
68204.0,68202,Khung treo tường
68206.0,68205,Thiệp chúc mừng
68207.0,68205,Thiệp mời
,68208,
,1934,
2225.0,23128,Hộp đựng thực phẩm
23134.0,23128,Màng bọc thực phẩm
6948.0,23128,"Hũ, lọ đựng gia vị"
23136.0,23128,Rổ
9052.0,23128,Thau
11812.0,23128,Khay
68031.0,23128,Túi đựng thực phẩm
68032.0,23128,Túi hút chân không thực phẩm
68033.0,23128,Túi zip đựng thực phẩm
23130.0,23128,Thùng đá
2511.0,8319,Dao các loại
23154.0,8319,Kệ để dao
3216.0,8319,Dụng cụ Cắt-Gọt-Bào
4342.0,8319,Dụng cụ mài dao
27256.0,8319,Kéo các loại
23140.0,8319,Dao thái
23142.0,8319,Dao chặt/ phay
23148.0,8319,Dao lọc xương
23146.0,8319,Dao gọt tỉa
23144.0,8319,Dao bánh mì
23152.0,8319,Dao khắc
67963.0,8319,Dao mài
67964.0,8319,Bộ dao bếp
23156.0,5433,Khuôn làm bánh
23162.0,5433,Khay nướng bánh
23168.0,5433,Dụng cụ đo lường
3515.0,5433,Cân nhà bếp
5454.0,5433,Dụng  cụ làm bánh khác
23166.0,5433,Cây Cán Bột
23164.0,5433,Cây đánh trứng
67551.0,5433,Cọ Quét - Miếng Vét - Cây Vét
67552.0,5433,Đo Nhiệt Độ
67553.0,5433,Đui bắt kem
67554.0,5433,Dụng Cụ Cắt Bánh
67555.0,5433,Dụng Cụ Làm Bánh Kem
67556.0,5433,Giấy Nến - Giấy chống dính
67557.0,5433,Phụ kiện trang trí bánh
67558.0,5433,Ray Bột
67559.0,5433,Thảm nướng bánh
,6305,
2849.0,11808,Bếp nướng
23184.0,11808,Các loại cồn
23180.0,11808,Vỉ nướng
23182.0,11808,Các loại than
23186.0,11808,Dụng cụ mồi lửa
2513.0,1986,"Dụng cụ xay, giã"
23210.0,1986,"Dụng cụ ép trái cây, vắt cam"
23216.0,1986,"Màng nhôm, giấy bạc bọc thực phẩm"
23220.0,1986,"Khay, khuôn làm đá"
23228.0,1986,"Chậu, vòi rửa chén bát"
2514.0,1986,Phụ kiện nhà bếp khác
2512.0,1986,Thớt nhà bếp
23024.0,1986,"Miếng rửa chén, chà nồi"
68073.0,1986,Găng tay nấu nướng
68074.0,1986,Khăn lau bếp
68075.0,1986,Tạp dề
68076.0,1986,Thảm nhà bếp
2136.0,53052,Bộ nồi
1984.0,53052,Chảo chiên
23126.0,53052,Xửng hấp
11804.0,53052,Nồi áp suất
23124.0,53052,Nồi lẩu
5193.0,53052,Nồi ủ
5459.0,53052,Quánh/Nồi nấu bột
68050.0,53052,Bộ chảo
68051.0,53052,Bộ nồi chảo
68052.0,53052,Chảo bánh khọt
68053.0,53052,Chảo bò né
68054.0,53052,Chảo chiên trứng
68055.0,53052,Chảo hai mặt
68056.0,53052,Chảo nướng
68057.0,53052,Chảo xào
68058.0,53052,Nồi đất
68059.0,53052,Nồi lẻ
68060.0,53052,Nồi luộc gà
68035.0,68034,Bộ hộp cơm giữ nhiệt
68036.0,68034,Bộ hộp cơm Inox
68037.0,68034,Bộ hộp cơm thủy tinh
68038.0,68034,Khay cơm phần
68039.0,68034,Túi đựng hộp cơm
,23132,
,6963,
23286.0,2014,Bình lọc
23288.0,2014,Lõi lọc
23290.0,2014,Thiết bị lọc
23292.0,3990,Bộ bình ly uống trà
23294.0,3990,Ly trà
23296.0,3990,Bình trà
23302.0,3990,Phụ kiện uống trà
23306.0,23304,Bình pha cà phê
23310.0,23304,Ly cà phê
6967.0,3177,Ly bia
23316.0,3177,Ly kem
6965.0,3177,Ly rượu
67819.0,3177,Ly cocktail
67839.0,3177,Ly pha chế
67840.0,3177,"Ly, cốc nước"
67330.0,3179,Bộ muỗng nĩa
67331.0,3179,Dao ăn
67332.0,3179,Đũa
67333.0,3179,Muỗng/thìa
67334.0,3179,Nĩa
,23322,
23334.0,3180,Gạt tàn thuốc
23336.0,3180,Hộp khăn giấy
23338.0,3180,Khay mứt
23340.0,3180,Phụ kiện phòng ăn khác
67518.0,3180,"Hộp đựng đũa, muỗng, nĩa"
67519.0,3180,Hộp đựng tăm
67520.0,3180,Khăn trải bàn
67521.0,3180,Khăn/ Giấy ăn
67522.0,3180,Khay - Mâm
23342.0,3178,Bộ tô chén dĩa
67515.0,3178,Chén
67516.0,3178,Dĩa
67517.0,3178,Tô
,23282,
,23346,
8315.0,23352,Chăn điện
23356.0,23352,Ruột chăn
23358.0,23352,Vỏ chăn
23362.0,6724,Gối gòn
23366.0,6724,Ruột gối
23370.0,6724,Vỏ gối
23364.0,6724,Gối ôm
23360.0,6724,Gối cổ/gối du lịch
8325.0,6724,Gối tựa lưng
67905.0,6724,Gối cao su
67906.0,6724,Gối Foam
67907.0,6724,Gối hình thú
67908.0,6724,Gối lông vũ
67909.0,6724,Gối tơ tằm
23376.0,6723,Nệm
23388.0,6723,Phụ kiện nệm
23392.0,8314,Chiếu
23394.0,8314,Võng
23576.0,23570,Sofa/ salon và phụ kiện
12590.0,23570,Bàn ghế phòng khách
23588.0,23570,Kệ & Tủ phòng khách
23592.0,23570,"Rèm, màn cửa"
23596.0,23570,Nội thất phòng khách khác
23374.0,23570,Đệm ngồi
23574.0,23570,Ghế thư giãn
68381.0,23570,Kệ đựng Tivi
68382.0,23570,Kệ/Tủ giày phòng khách
23600.0,23598,Bàn trang điểm
23540.0,23598,Ghế các loại
23622.0,23598,Tủ
23634.0,23598,Nội thất phòng ngủ khác
23630.0,23598,Gương
68383.0,23598,Giường và phụ kiện
23642.0,23636,Bàn ghế
23646.0,23636,Kệ & Tủ
23648.0,23636,Quầy bar
23652.0,23636,Nội thất phòng ăn khác
4381.0,23654,Bàn ghế làm việc
4380.0,23654,Bàn ghế học sinh
23656.0,23654,Bàn vi tính
23658.0,23654,"Tủ, kệ sách"
23660.0,23654,"Nội thất phòng học, làm việc khác"
23664.0,23662,Bàn cho trẻ em
23666.0,23662,Giường ngủ trẻ em
23668.0,23662,Ghế cho trẻ em
23670.0,23662,Thùng đựng đồ chơi
23672.0,23662,Nội thất trẻ em khác
68396.0,23662,Tủ quần áo trẻ em
,23678,
4613.0,3710,Giấy dán tường
23758.0,3710,Tranh dán tường
23780.0,23778,Decal dán kính
23782.0,23778,Giấy dán kính chống nắng
23784.0,23778,Phim cách nhiệt
23786.0,23778,Tranh dán kính
23796.0,23778,Giấy dán kính mờ
2140.0,1980,Đồng hồ để bàn
23726.0,1980,Tháp đồng hồ
2784.0,1980,Đồng hồ treo tường
27222.0,11222,Tranh gỗ
27224.0,11222,Tranh sơn dầu
27226.0,11222,Tranh sơn mài
27230.0,11222,Tranh canvas
27232.0,11222,Tranh thêu
27240.0,11222,Các loại tranh khác
68430.0,11222,Tranh acrylic
68431.0,11222,Tranh đá
68432.0,11222,Tranh in
68433.0,11222,Tranh màu nước
23800.0,23806,Nến trang trí & Phụ kiện
27212.0,23806,Mô hình & Tượng trang trí
27214.0,23806,Trang trí nhà cửa khác
68417.0,23806,Gương trang trí
68418.0,23806,Gương trang trí
23590.0,23806,Thảm trải sàn trang trí
23804.0,23806,Rèm trang trí
68505.0,23806,Phụ kiện dán tường trang trí
23102.0,5848,Linh vật phong thủy
23104.0,5848,Cây phong thủy
23112.0,5848,Vật phẩm phong thủy khác
68434.0,5848,Đá phong thủy
68435.0,5848,Tượng phong thủy
68436.0,5848,Vòng dây phong thủy
,2018,
67308.0,2019,Đèn ngủ cảm biến
67313.0,2019,Đèn ngủ để bàn
67314.0,2019,Đèn ngủ ốp trần/ốp tường
67315.0,2019,Đèn ngủ thả trần
67316.0,2019,Đèn ngủ treo tường
67304.0,23236,Đèn led/hắt
67305.0,23236,Đèn năng lượng mặt trời
67306.0,23236,Đèn trụ cổng
67307.0,23236,Đèn trụ sân vườn
67320.0,23238,Đèn âm trần
67321.0,23238,Đèn chùm/ Đèn thả trần
67322.0,23238,Đèn ốp trần
67323.0,23238,Đèn rọi ray
,23242,
,23246,
,2020,
67510.0,23802,Đèn xông bằng nến
67511.0,23802,Đèn xông tinh dầu điện
67512.0,23802,Nến tinh dầu
67513.0,23802,Phụ kiện xông tinh dầu
67514.0,23802,Tinh dầu xông
23404.0,5995,Áo mưa
23406.0,5995,Ô - Dù
23412.0,5995,Phụ kiện đi mưa
27180.0,3879,Vòi nước và phụ kiện tưới cây
68119.0,3879,Bay
68120.0,3879,Cào
68121.0,3879,Cưa cầm tay
68122.0,3879,Cuốc
68123.0,3879,Găng tay làm vườn
68124.0,3879,Kéo cắt cành
68125.0,3879,Kéo tỉa cây
68126.0,3879,Xẻng
27170.0,8316,Máy xịt rửa
27172.0,8316,Phụ kiện máy xịt rửa
23424.0,23422,Xích đu
23430.0,23422,Bàn ghế sân vườn
23432.0,23422,Ngoại thất sân vườn khác
23440.0,23422,Kệ trang trí cây
23442.0,23422,Ô dù sân vườn
8318.0,23422,Phụ kiện trang trí sân vườn
23436.0,23434,Bể bơi
23438.0,23434,Phụ kiện bể bơi
,23446,
23248.0,2685,Khăn tắm
23250.0,2685,Khăn mặt
23252.0,2685,Khăn tay
67922.0,2685,Khăn nén
27118.0,2339,Dép nhà tắm
23260.0,2339,Miếng lót bồn cầu
23256.0,2339,Rèm phòng tắm
3877.0,2339,Thảm chùi chân
23834.0,2339,"Xô, thau, chậu"
67926.0,2339,Thảm chống trơn trượt nhà tắm
,23258,
27128.0,23264,Vòi nước các loại
23270.0,23264,Bồn cầu
23272.0,23264,Lavabo
23276.0,23264,Thiết bị phòng tắm khác
67938.0,23264,Giá/thanh treo khăn
67939.0,23264,Gương phòng tắm
23032.0,23044,Túi giặt
23034.0,23044,Bàn để ủi và phụ kiện
23036.0,23044,Cây lăn bụi
23040.0,23044,Giỏ đựng quần áo
23042.0,23044,Phụ kiện giặt ủi khác
23254.0,23044,"Giá, kệ phơi quần áo"
2337.0,23044,"Móc treo, kẹp quần áo"
67925.0,23044,Giàn phơi thông minh
23022.0,23018,Bàn chải nhà tắm
23026.0,23018,Túi đựng rác
2238.0,23018,Dụng cụ vệ sinh khác
23030.0,23018,Thùng rác
2237.0,23018,Găng tay vệ sinh nhà tắm
23020.0,23018,Đồ hốt rác
67920.0,23018,Cọ rửa
67921.0,23018,Dụng cụ thông tắc
68397.0,4452,Dây đai an toàn lao động
68398.0,4452,Dụng cụ bảo hộ lao động khác
68399.0,4452,Găng tay bảo hộ lao động
68400.0,4452,Giày bảo hộ lao động
68401.0,4452,Kính bảo hộ lao động
68402.0,4452,Mặt nạ phòng độc
68403.0,4452,Mũ bảo hộ lao động
68404.0,4452,Thang & dây thoát hiểm
68405.0,4452,Quần áo bảo hộ lao động
68413.0,12984,Phụ tùng xe đẩy hàng
68414.0,12984,Xe đẩy hàng 2 bánh
68415.0,12984,Xe đẩy hàng 4 bánh
68416.0,12984,Xe đẩy hàng leo bậc thang
23702.0,12986,Sơn
23704.0,12986,Dầu mỡ
23706.0,12986,Hóa chất
,2759,
23688.0,12980,Đá cắt
23690.0,12980,Que hàn
23692.0,12980,Cưa & lưỡi cưa
67560.0,2327,Thang gác xép
67561.0,2327,Thang nhôm bàn
67562.0,2327,Thang nhôm chữ A
67563.0,2327,Thang nhôm gấp khúc
67564.0,2327,Thang nhôm ghế
67565.0,2327,Thang nhôm rút
67566.0,2327,Thang nhôm trượt
53074.0,2760,Dụng cụ sửa chữa nhà cửa khác
2948.0,2760,"Cờ lê, mỏ lết, búa các loại"
4451.0,2760,Bộ lục giác
23714.0,2760,Cây lăn - Súng phun sơn
23712.0,2760,Súng bắn keo
3175.0,2760,Kềm & Dũa các loại
68407.0,2760,Dây rút
68408.0,2760,Keo dán đa năng
27190.0,27188,Máy đo khoảng cách
27192.0,27188,Máy đo PH
27194.0,27188,"Máy đo nhiệt độ, độ ẩm"
27196.0,27188,Thiết bị đo lường khác
2805.0,27188,Thước đo các loại
68409.0,27188,Ampe kìm
68410.0,27188,Bút thử điện
68411.0,27188,Đồng hồ vạn năng
68412.0,27188,Máy đo điện trở
,2806,
23452.0,23450,Đàn piano cơ
23448.0,23450,Đàn piano điện tử
23454.0,23450,Đàn piano cuộn
68325.0,23450,Phụ kiện cho Đàn Piano
,23462,
,23464,
23456.0,23466,Đàn guitar
53188.0,23468,Phụ kiện đàn khác
23508.0,23468,Dây đàn
23536.0,23468,Máy đập nhịp
23520.0,23468,"Máy lên dây, tuner"
23534.0,23468,Miếng gảy - pick
23516.0,23468,Phơ Guitar
23518.0,23468,Hộp đàn - Bao đàn
23548.0,23468,Dây đeo Guitar
23474.0,10076,Đàn bầu
23476.0,10076,Nhạc cụ dân tộc khác
23478.0,10076,Đàn tranh
23482.0,10076,Đàn tỳ bà
23484.0,10076,Sáo Trúc- Sáo Tiêu - Sáo Dizi
23494.0,10076,Trống dân tộc - Trống hội
23492.0,10076,Đàn đáy - Cồng chiêng
23480.0,10076,Đàn nguyệt
23486.0,10076,Đàn T'rưng
23490.0,10076,Đàn tam - Đàn tứ
23488.0,10076,Đàn tam thập lục
23496.0,10076,Đàn tính
68336.0,10076,Đàn Madolin
23506.0,10074,Kèn & Phụ kiện
23504.0,10074,Trống & Phụ kiện
23498.0,10074,Phụ kiện cho Nhạc cụ hơi
68344.0,10074,Kèn Cor-French Horn
68345.0,10074,Kèn Harmonica
68346.0,10074,Kèn Melodion - Pianica
68347.0,10074,Kèn Trombone
68348.0,10074,Kèn Saxophone
68349.0,10074,Kèn Trumpet
68350.0,10074,Sáo Flute
68351.0,10074,Sáo Recorder
68503.0,10074,Kèn Clarinet
68504.0,10074,Đàn Accordion - Phong Cầm
23554.0,23552,Dây cáp
23564.0,23552,Chân micro
23566.0,23552,Chân loa
23568.0,23552,Chân đèn sân khấu
23528.0,23552,Phụ kiện nhạc cụ khác
,10073,
68284.0,68289,Acoustic Amplifier
68292.0,68289,Bass Amplifier
68297.0,68289,Electric Amplifier
68298.0,68289,Moniter Amplifier
68299.0,68289,Portable Audio
68305.0,68304,Bộ gõ
68306.0,68304,Phụ kiện cho Trống
68310.0,68304,Trống bộ
68311.0,68304,Trống Cajon
68312.0,68304,Trống Congo - Bonga
68313.0,68304,Trống Điện tử
68314.0,68304,Trống Jazz
68315.0,68304,Trống Không Linh
,68318,
,23056,
,23058,
,23072,
,23078,
,23082,
,23062,
,23080,
,23070,
,67951,
,67952,
23048.0,23046,Chuông báo
2154.0,23046,Ổ khóa cửa
23050.0,23046,Khóa cửa thông minh
23052.0,23046,Bảo vệ nhà cửa khác
23006.0,23004,Vợt muỗi
23010.0,23004,Dụng cụ diệt côn trùng khác
67954.0,23004,Chế phẩm diệt côn trùng
67955.0,23004,Dụng cụ diệt chuột
,2363,
2153.0,23012,"Pin tiểu, pin sạc"
23016.0,23012,Máy sạc pin
67959.0,20492,Bộ điều khiển thông minh
67960.0,20492,Công tắc thông minh
,67956,
,9271,
,2552,
,10414,
,2553,
,10415,
,2554,
68633.0,10417,Miếng lót dành cho người lớn
68634.0,10417,Tã dán cho người lớn
68635.0,10417,Tã quần cho người lớn
,2555,
2601.0,2600,Sữa cho bé dưới 24 tháng 
2602.0,2600,Sữa cho bé trên 24 tháng
2603.0,2600,Sữa cho mẹ bầu và sau sinh
,10419,
,2606,
68438.0,10423,Bổ sung sắt cho bé
68439.0,10423,Calcium
68440.0,10423,DHA Omega-3
68441.0,10423,Men vi sinh cho bé
68444.0,10423,Multi - vitamin
68446.0,10423,Thực phẩm chức năng tăng cân cho trẻ
68447.0,10423,Vitamin C cho bé
68448.0,10423,Vitamin D cho bé
,8340,
,10424,
,10427,
,10447,
,6570,
,10448,
,6571,
,10425,
,6572,
,2609,
,68449,
,68450,
,68454,
,68455,
,68456,
,68457,
,68458,
,68459,
,68460,
,68461,
,68462,
,68463,
2557.0,2556,"Bình sữa, Bình tập uống"
2558.0,2556,Núm ti
2560.0,2556,Phụ kiện bình sữa
8461.0,2556,Ngậm nướu
2561.0,2556,Dụng cụ tập ăn
2564.0,2556,"Máy tiệt trùng, hâm sữa"
10449.0,2556,Hộp chia đồ ăn
2565.0,2556,"Yếm, khăn cho bé"
6567.0,2556,"Bình tập uống, Ly uống nước"
8462.0,2556,Dụng cụ chế biến thức ăn cho bé
2580.0,2556,Ghế ăn
6565.0,2567,Nước rửa bình sữa
2569.0,2567,Sữa tắm cho bé
2568.0,2567,Dầu gội cho bé
2570.0,2567,"Phấn, Kem dưỡng, Nước hoa"
2574.0,2567,Dụng cụ tắm cho bé
2577.0,2567,Vệ sinh răng miệng cho bé
2575.0,2567,"Khăn tắm, Áo choàng"
2582.0,2567,Nước rửa bình sữa
6576.0,2567,Giặt xả quần áo
2586.0,2585,"Nôi, Giường cũi, Võng "
2588.0,2585,"Chăn ga gối nệm, Mùng"
2590.0,2585,"Túi ngủ, Chăn cuốn cho bé"
2589.0,2585,"Đệm, Lót chống thấm cho bé"
2592.0,2585,Đèn ngủ cho bé
8464.0,2584,Dụng cụ chặn & bịt góc
8465.0,2584,Bảo vệ an toàn điện
8466.0,2584,Thanh chắn cầu thang/cửa
8467.0,2584,Máy báo khóc
8468.0,2584,"Mũ bảo vệ, Vớ chống trượt, tập đi"
3801.0,2576,Dầu Tràm
2578.0,2576,Chăm sóc móng tay cho bé
2579.0,2576,Dụng cụ hút mũi cho bé
8470.0,2576,Chống nắng cho trẻ
6578.0,2576,Nhiệt kế cho bé
10483.0,2576,Dụng cụ uống thuốc cho bé
68500.0,2576,Cân đo sức khoẻ
2594.0,2593,Xe đẩy
2596.0,2593,"Địu, Đai an toàn"
2595.0,2593,"Ghế ngồi ôtô, xe máy"
6579.0,2593,Xe tập đi cho bé
,68492,
,1948,
10506.0,8469,Xe điều khiển và phụ kiện
10507.0,8469,Máy bay điều khiển và phụ kiện
10508.0,8469,Tàu điều khiển và phụ kiện
10509.0,1938,Búp bê
10510.0,1938,Thú bông
10511.0,1938,Phụ kiện búp bê
10512.0,1938,Ngôi nhà búp bê
3170.0,2848,Tranh ghép
3787.0,2848,Xếp khối
3788.0,2848,Lắp ráp
3789.0,2848,Mô hình
3790.0,2848,Nhạc cụ gỗ
3792.0,2848,Bập bênh
4453.0,2848,Bàn ghế
3793.0,2848,Đồ chơi gỗ - Khác
10513.0,4493,Mô hình giấy
10514.0,4493,Mô hình 3D
10515.0,4493,Xe mô hình
10516.0,4493,Mô hình nhân vật 
10517.0,4506,Hướng nghiệp nhập vai
10518.0,4506,Bảng vẽ
10519.0,4506,Que tính
10520.0,4506,Bảng số
10521.0,4506,Thẻ flash card
10522.0,4506,Sách vải
68467.0,4506,Đồ chơi khoa học
68468.0,4506,Đồ chơi vật lý
68482.0,10523,Đồ chơi cát nghệ thuật
68483.0,10523,Đồ chơi đan len
68484.0,10523,Đồ chơi giấy thủ công
68485.0,10523,Đồ chơi may vá
68486.0,10523,Đồ chơi thủ công khác
68487.0,10523,Đồ chơi vẽ
68471.0,4604,Bộ trống và nhạc cụ gõ
68472.0,4604,Nhạc cụ đàn guitar
68473.0,4604,Nhạc cụ đàn Piano
68474.0,4604,Nhạc cụ sáo và kèn
68475.0,4604,Phụ kiện nhạc cụ
3211.0,4594,Xe đạp cho bé
8472.0,4594,Xe chòi chân
3212.0,4594,Xe scooter
8471.0,4594,"Ván trượt, cầu trượt cho bé"
10526.0,4594,Xe lắc
10527.0,4594,Thú nhún
10528.0,4594,Giày trượt patin
10529.0,4594,Đồ chơi vận động mô phỏng
10530.0,4594,Nhà banh và Phụ kiện
10531.0,4594,Diều
10532.0,4594,Chong chóng
10533.0,4594,Yoyo
10534.0,4594,Súng bắn nước
10535.0,4594,Spinner
54724.0,4594,Xe điện trẻ em
68488.0,4594,"Phao tắm, đồ chơi nước, xúc cát"
68464.0,4505,Bộ boardgame
68465.0,4505,Đồ chơi thẻ bài
68466.0,4505,Tarrots
10524.0,4500,Bột nặn
10525.0,4500,Cát nặn
,10445,
10540.0,4504,Lều ngoài trời
10541.0,4504,Lều trong nhà
10542.0,4504,Túi ngủ
10543.0,4504,Thảm nằm chơi
10544.0,4601,Kệ chữ A
10545.0,4601,"Treo nôi, cũi"
10546.0,4601,Bóp chíp xúc xắc
10547.0,4601,Lục lạc
68476.0,4601,Bóng cho bé sơ sinh
68477.0,4601,Đồ chơi ngậm mọc răng
68478.0,4601,Đồ chơi phát nhạc cho trẻ sơ sinh
68479.0,4601,"Đồ chơi xúc xắc, lục lạc cho trẻ sơ sinh"
68481.0,4601,Đồ chơi kích thích trí tuệ cho trẻ sơ sinh
,10536,
,10537,
,10538,
,10539,
,68470,
,68480,
,68629,
,68630,
,68631,
,68632,
10554.0,6580,Máy hút sữa
2652.0,6580,Túi trữ sữa
10555.0,6580,Miếng lót thấm sữa
68419.0,6580,Dụng cụ vệ sinh máy hút sữa
68429.0,6580,Phụ kiện máy hút sữa
,10556,
,2654,
8497.0,2656,"Sữa tắm, Dầu gội cho mẹ"
10557.0,2656,"Sữa tắm, Dầu gội khô"
10558.0,2656,Mỹ phẩm chống rạn da
8498.0,2656,"Mỹ phẩm, Chăm sóc da cho mẹ"
10560.0,10559,Tinh bột nghệ
10561.0,10559,Lá xông
10562.0,10559,Túi chườm
10563.0,10559,Muối tắm theo phương pháp dân gian
10564.0,10559,Dung dịch tắm thảo dược
10565.0,6581,Máy tạo độ ẩm 
2644.0,6581,Đồ lót
10566.0,6581,Băng vệ sinh cho mẹ sau sinh
10567.0,6581,Dụng cụ hỗ trợ mẹ sau sinh
10568.0,6581,Túi đựng đồ cho mẹ
10569.0,6581,Gối đa năng cho mẹ
68437.0,6581,Gối cho thai phụ
,10571,
4428.0,1804,Tai Nghe Có Dây Nhét Tai
28638.0,1804,Tai Nghe Có Dây Chụp Tai (On-Ear)
2977.0,1804,Tai Nghe Có Dây Chụp Tai (Over-Ear)
8400.0,1811,Tai Nghe True Wireless
12878.0,1811,Tai Nghe Bluetooth Đàm Thoại
5531.0,1811,Tai Nghe Bluetooth Nhét Tai
28640.0,1811,Tai Nghe Bluetooth Chụp Tai On-Ear
4429.0,1811,Tai Nghe Bluetooth Chụp Tai Over-Ear
2324.0,1805,Loa Bluetooth
12882.0,1805,Loa Bluetooth Vi Tính
1813.0,1805,Loa Vi Tính
6653.0,1805,Loa Hi-Fi - Audiophiles
8066.0,1805,Loa Kéo
20190.0,1805,Loa Trợ Giảng
28644.0,28642,Microphone Di Động
28646.0,28642,Microphone Vi Tính
7081.0,28642,Micro Karaoke Bluetooth
,20170,
20172.0,28656,Máy Ghi Âm
1803.0,28656,Máy Nghe Nhạc
20174.0,30374,Cáp Âm Thanh
28658.0,30374,Đệm và Nút Tai Nghe
20182.0,30374,Bộ Chuyển Đổi Không Dây
5566.0,30374,Phụ Kiện Âm Thanh
,28858,
,7078,
,7079,
,26652,
,28872,
8070.0,8068,Giá treo loa
26658.0,8068,"Cáp loa, đầu chuyển"
8073.0,8068,Phụ kiện âm thanh khác
28874.0,7077,Đầu ghi phát CD
28876.0,7077,"Đầu ghi phát DVD, Blu-ray"
28878.0,7077,Đầu phát karaoke
28868.0,4966,Dàn âm thanh giải trí tại gia
28870.0,4966,Dàn Karaoke
8064.0,7075,"Loa thùng, loa vệ tinh"
8067.0,7075,"Loa thanh, Soundbar"
11516.0,7075,Loa karaoke
11518.0,7075,Loa Bookshelf
28860.0,7075,"Loa Sub, siêu trầm"
28862.0,7075,"Loa sân khấu, ngoài trời"
28866.0,7075,Loa âm trần - âm tường
,12676,
,7273,
28392.0,8251,PlayStation
28394.0,8251,Xbox
28396.0,8251,Nintendo
28398.0,8251,Máy Chơi Game Khác
,6742,
67167.0,9013,Thiết bị điều khiển
67169.0,9013,Tay bấm
,8040,
67163.0,8042,Phụ kiện VR
,2657,
,8043,
28426.0,28420,Miếng dán màn hình thiết bị đeo thông minh
28428.0,28420,"Dây Đeo Thay Thế, Phụ Trợ - Phụ Kiện Khác"
28430.0,28420,Adapter Sạc - Cáp Sạc Cho Thiết Bị Đeo
8044.0,28436,Máy Bộ Đàm
12864.0,28436,Thiết Bị Nhà Thông Minh
28444.0,28436,Thiết Bị Định Vị GPS
28446.0,28436,Kim Từ Điển và Các Loại Máy Thông Dịch
10413.0,28436,Đồ Chơi Công Nghệ - Thiết Bị Số và Phụ Kiện Số Khác
20248.0,20246,Máy Tính Nhúng - Kit Phát Triển
20250.0,20246,Các Module Tích Hợp
20252.0,20246,Cảm Biến
20254.0,20246,Linh Kiện và Các Phần Cứng Khác
20256.0,20246,Thiết Bị Robot
20258.0,20246,Phụ Kiện và Dụng Cụ Khác
28434.0,20246,"Dây, Cáp Nối và Adapter Nguồn"
1820.0,28448,Thẻ Nhớ Điện Thoại
2173.0,28448,USB OTG
28450.0,10691,SIM số
28452.0,10691,SIM Data - SIM 3G / 4G
28454.0,1821,Pin Sạc Dự Phòng Di Động
28456.0,1821,Pin Sạc Dự Phòng Ốp Lưng
5006.0,1823,"Dây Cáp Sạc iPhone, iPad"
5007.0,1823,Dây Cáp Sạc Micro USB
12294.0,1823,Dây Cáp Sạc USB Type-C
28458.0,1823,Dây Cáp Sạc Đa Năng
3805.0,1823,Các Loại Cáp Khác
12908.0,3803,Adapter Sạc - Củ Sạc Thường
12918.0,3803,Adapter Sạc - Củ Sạc Xe Hơi
12928.0,3803,Đế Sạc Không Dây
28460.0,3803,Bộ Adapter Sạc Kèm Cáp Sạc
28462.0,20234,Màn Hình Thay Thế
28464.0,20234,Pin Thay Thế
28466.0,20234,Vỏ - Case Thay Thế
28468.0,20234,Linh Kiện Thay Thế Khác
28470.0,20242,Dụng cụ vệ sinh điện thoại và máy tính bảng
28472.0,20242,Dụng cụ sửa chữa điện thoại và máy tính bảng
28478.0,20220,Móc Dán Đỡ Điện Thoại
28480.0,20220,Giá Đỡ - Chân Đế Thường
28482.0,20220,"Giá Đỡ - Chân Đế Gắn Ô Tô, Xe Máy"
,20236,
,20244,
,20240,
,20222,
28484.0,1824,Miếng Dán Màn Hình Điện Thoại
28486.0,1824,Miếng Dán Thiết Bị Di Động Khác
28574.0,1822,Bao Da - Ốp Lưng Điện Thoại iPhone
28576.0,1822,Bao Da - Ốp Lưng Điện Thoại Samsung
28578.0,1822,Bao Da - Ốp Lưng Điện Thoại Xiaomi
28580.0,1822,Bao Da - Ốp Lưng Điện Thoại Oppo
28582.0,1822,Bao Da - Ốp Lưng Điện Thoại Asus
28584.0,1822,Bao Da - Ốp Lưng Điện Thoại Huawei
28586.0,1822,Bao Da - Ốp Lưng Điện Thoại Nokia
28588.0,1822,Bao Da - Ốp Lưng Điện Thoại Vivo
28590.0,1822,Bao Da - Ốp Lưng Điện Thoại Honor
28592.0,1822,Bao Da - Ốp Lưng Điện Thoại Sony
28594.0,1822,Bao Da - Ốp Lưng Điện Thoại Khác
28596.0,1822,Bao Da - Ốp Lưng iPad
28598.0,1822,Bao Da - Ốp Lưng Máy Tính Bảng Khác
28616.0,20238,Bút Cảm Ứng
28618.0,20238,Bàn Phím Rời - Ốp Tích Hợp Bàn Phím
2659.0,28620,Gậy Tự Sướng - Selfie
20212.0,28620,Lens Cho Điện Thoại
28622.0,28620,Đèn Flash Selfie - Flash Mini
28626.0,28624,Nút Bấm Chơi Game Điện Thoại
28628.0,28624,Tay Cầm Chơi Game Điện Thoại
28630.0,28624,Phụ Kiện Chơi Game Điện Thoại Khác
,1819,
,69243,
28674.0,28672,Dụng cụ vệ sinh máy tính và laptop
28676.0,28672,Dụng cụ sửa chữa máy tính và laptop
28678.0,7795,Dây Chống Trộm Laptop
28680.0,7795,Skin và Decal Dán Laptop
1832.0,7795,Đế Tản Nhiệt Laptop
28682.0,7795,Giá Đỡ Laptop
28684.0,7795,Case - Vỏ Ốp Lưng Laptop
28686.0,7795,Miếng Phủ Bàn Phím Laptop
,4880,
,28688,
,1831,
1836.0,28690,Bộ Phím Chuột Văn Phòng
1829.0,28690,Chuột Văn Phòng
1830.0,28690,Bàn Phím Văn Phòng
28694.0,28690,Phụ Kiện Phím Chuột Văn Phòng Khác
28696.0,28692,Bộ Phím Chuột Chơi Game
5267.0,28692,Bàn Phím Chơi Game
3428.0,28692,Chuột Chơi Game
28698.0,28692,Phụ Kiện Phím Chuột Chơi Game Khác
28704.0,28702,Tai Nghe Văn Phòng - Headset
2971.0,28702,Tai Nghe Chơi Game
12876.0,28706,Bảng Vẽ Đồ Họa Cảm Ứng
28708.0,28706,Bút Vẽ Đồ Họa Cảm Ứng
28710.0,28706,Bàn Rê Touchpad Cảm Ứng
28712.0,28706,Thiết Bị Cân Bằng Màu
28714.0,28706,Thiết Bị Đồ Họa và Công Cụ Khác
28716.0,12296,Dây Nguồn
28718.0,12296,Dây Cáp SATA
28720.0,12296,Dây Cáp Thunderbolt
28722.0,12296,Dây Cáp USB
28724.0,12296,Dây Cáp VGA-DVI
3804.0,12296,Cáp HDMI - Displayport
28726.0,12296,Dây Cáp Tín Hiệu Khác
28732.0,12296,Đầu Đọc Thẻ Nhớ
8519.0,12296,Hub USB
28734.0,12296,Hub Chuyển Đổi USB-A
4593.0,12296,Hub Chuyển Đổi USB Type-C
28736.0,12296,Bộ Chuyển Đổi Khác
28738.0,12296,Bộ Chuyển Đổi Tín Hiệu HDMI/VGA/DVI/DP
28740.0,12296,Cáp Song Song - Cáp Máy In - Cáp Serial
1893.0,1892,Nồi cơm điện
1894.0,1892,Nồi áp suất điện
1895.0,1892,Nồi lẩu điện
1896.0,1892,"Nồi tiềm, nồi nấu cháo"
1897.0,1892,Nồi hấp
5313.0,1892,Nồi đa năng
8123.0,1892,Nồi chiên
24072.0,1892,Nồi tiềm
1886.0,1885,Bếp hồng ngoại
1887.0,1885,Bếp điện từ
2145.0,1885,Bếp điện quang
1927.0,1885,Bếp điện kết hợp
1928.0,1885,"Bếp lẩu, nướng"
1888.0,1885,Bếp gas
67135.0,4875,Máy hút mùi kính vát
67136.0,4875,Máy hút mùi kính cong
67137.0,4875,Máy hút mùi đảo
67138.0,4875,Máy hút mùi áp tường
67141.0,4875,Máy hút mùi âm tủ
2035.0,2022,Lò vi sóng điện tử
2036.0,2022,Lò vi sóng cơ
2037.0,2022,Lò vi sóng có nướng
4746.0,2022,Lò vi sóng âm
23828.0,2022,Lò vi sóng hơi nước
2040.0,2023,Lò nướng thùng
4747.0,2023,Lò nướng âm tủ
2041.0,2023,Lò nướng thủy tinh
2042.0,2023,Lò nướng bánh mì sandwich
,2044,
2105.0,2024,Máy xay sinh tố
2850.0,2024,Máy xay cầm tay
2106.0,2024,Máy ép trái cây
2107.0,2024,Máy xay ép đa năng
2111.0,2024,Máy xay cắt đa năng
2110.0,2024,Máy xay thịt
2109.0,2024,Máy vắt cam
,1931,
,1932,
24040.0,1939,Máy pha cà phê gia đình
24048.0,1939,Máy pha cà phê chuyên dụng
24050.0,1939,Máy xay cà phê 
24054.0,1939,Phụ kiện máy pha cà phê
26486.0,1939,Viên nén cà phê
,8082,
,2025,
,2026,
,5363,
,2315,
,1942,
,7239,
,23818,
,9051,
,23820,
,23822,
,23824,
,23826,
,8728,
,2108,
1994.0,1993,Bàn ủi hơi nước
1996.0,1993,Bàn ủi hơi nước đứng
1995.0,1993,Bàn ủi khô
1998.0,1997,Máy may điện tử
1999.0,1997,Máy may cơ
2000.0,1997,Máy thêu
8083.0,1997,Máy vắt sổ
11530.0,1997,"Phụ kiện máy may, thêu, vắt sổ"
8084.0,2001,Quạt Đứng
2002.0,2001,Quạt lửng
2003.0,2001,Quạt treo tường
2004.0,2001,"Quạt hơi nước, phun sương"
5134.0,2001,Quạt trần
2005.0,2001,Quạt tháp
2006.0,2001,Quạt bàn
2007.0,2001,Quạt hộp
2008.0,2001,Quạt sạc
6818.0,2001,"Quạt hút, quạt thông gió"
24076.0,2001,Quạt mini
2038.0,2009,Hút bụi gia đình
2039.0,2009,Hút bụi cầm tay
2161.0,2009,Hút bụi công nghiệp
13224.0,2009,Phụ kiện máy hút bụi
11860.0,2009,Robot hút bụi
67129.0,4876,Bình nước úp ngược
67130.0,4876,Bình nước lắp âm
,2010,
,5614,
,5585,
26488.0,5010,Máy lọc nước có điện 
26490.0,5010,Máy lọc nước không điện
26492.0,5010,Phụ kiện máy lọc nước
26494.0,5010,Đầu lọc nước tại vòi
,5976,
,5977,
24084.0,6510,Quạt sưởi
24088.0,6510,Đèn sưởi
24090.0,6510,Máy sưởi
55948.0,55946,"Tông đơ, máy cắt tóc"
55949.0,55946,"Phụ kiện máy cạo râu, cắt tóc"
1989.0,55946,Máy cạo râu
2334.0,55946,Máy sấy tóc
11941.0,55946,"Máy ép, duỗi tóc"
11943.0,55946,Máy uốn tóc
55947.0,55946,Máy tỉa lông mũi
11709.0,1601,Mặt nạ đất sét
8208.0,1601,Mặt nạ giấy
11711.0,1601,Mặt nạ ngủ
,5872,
5894.0,3424,Kem mắt
68338.0,3424,Mặt nạ mắt
68339.0,3424,Serum mắt
68334.0,2347,Toner cho da dầu
68335.0,2347,Toner cho da thường và khô
,3422,
11683.0,3426,Kem trị mụn
11685.0,3426,Lột mụn
8306.0,3426,Kem trị sẹo
5891.0,3426,Miếng dán mụn
11675.0,17170,Kem chống lão hóa
11697.0,17170,Kem dưỡng ẩm
11669.0,17170,Kem dưỡng trắng
68337.0,17170,Kem dưỡng trị mụn và phục hồi
,17174,
11703.0,53350,Serum trị mụn và phục hồi
11673.0,53350,Serum chống lão hóa
11695.0,53350,Serum dưỡng ẩm
11667.0,53350,Serum dưỡng trắng
,8227,
,1583,
45732.0,8206,Tẩy tế bào chết vật lí
45740.0,8206,Tẩy tế bào chết hóa học
,11605,
,5893,
,5865,
8193.0,1589,"Cọ, dụng cụ trang điểm"
8194.0,1589,Mút trang điểm
8196.0,1589,Bấm mi
8197.0,1589,"Nhíp, dao cạo"
8198.0,1589,Gương trang điểm
5863.0,1589,"Máy đánh kem, trang điểm"
8189.0,1589,Lông mi giả
8190.0,1589,Miếng dán mi
1640.0,1585,Phấn má
11759.0,1585,BB cream
1600.0,1585,CC cream
2346.0,1585,Che khuyết điểm
1604.0,1585,Kem lót
8188.0,1585,"Highligh, tạo khối"
1596.0,1585,"Phấn nền, kem nền"
11769.0,1585,Phấn tạo khối
11767.0,1585,Phấn nước
1597.0,1585,Phấn phủ
1605.0,1586,Phấn mắt
1607.0,1586,Kẻ mắt
1608.0,1586,Kẻ chân mày
1641.0,1586,Mascara
8191.0,1586,Kem lót cho mắt
11779.0,1586,"Sáp, bột nhũ mắt"
1614.0,1587,Chì kẻ viền môi
1611.0,1587,Son bóng
11797.0,1587,Son bút
8192.0,1587,Son kem
11795.0,1587,"Son nền, che khuyết điểm môi"
1609.0,1587,Son thỏi
11799.0,1587,Son tint
1612.0,1587,"Son dưỡng môi, trị thâm"
17184.0,1587,Son dưỡng
68186.0,1587,Son gió
68187.0,1587,Son lì
68188.0,1587,Son nhũ
,53354,
,8228,
68166.0,1752,Dung dịch vệ sinh nam
68167.0,1752,Dung dịch vệ sinh phụ nữ
,17186,
68608.0,8300,Băng vệ sinh quần
68610.0,8300,Cốc nguyệt san
68611.0,8300,Tampon
,4408,
68540.0,3449,"Tẩy lông chân, tay"
68541.0,3449,Tẩy lông mặt
68542.0,3449,Tẩy lông nách
68543.0,3449,Tẩy lông vùng kín
11745.0,17162,"Khử mùi cho cả nam, nữ"
68587.0,17162,Khử mùi cho nam
68588.0,17162,Khử mùi cho nữ
10225.0,11757,Bộ chăm sóc tóc và cơ thể
17460.0,11757,Bộ sản phẩm chăm sóc cơ thể
10218.0,11757,Bộ sản phẩm tiêu dùng cho nữ
10220.0,11757,Bộ chăm sóc toàn thân khác
11749.0,8218,Sản phẩm làm hồng nhũ hoa
11751.0,8218,Kem nở và săn chắc ngực
8216.0,1610,Dưỡng ẩm
8217.0,1610,Dưỡng trắng
11731.0,1610,Săn chắc da
4413.0,1610,Sữa dưỡng thể
68539.0,1610,Dầu dưỡng thể
,11755,
11735.0,11733,Tinh dầu massage
11737.0,11733,Kem massage
11747.0,1617,Xịt toàn thân
13878.0,8212,Dụng cụ tắm
2348.0,8212,Muối tắm
11729.0,8212,Tinh dầu tắm
1598.0,8212,Sữa tắm
1602.0,8212,Xà phòng tắm
11739.0,1615,Chống nắng dạng xịt
11741.0,1615,Chống nắng dạng kem
11743.0,1615,Chống nắng dạng lotion
17160.0,1615,Sản phẩm chống nắng khác
8221.0,1619,Massage
,11753,
,8308,
,8309,
,8226,
,8229,
,8220,
,8602,
,8224,
,11868,
,8225,
1613.0,8222,Dầu Gội
1616.0,8222,Dầu Xả
8223.0,8222,"Bộ dầu gội, xả"
5884.0,8222,Gội xả 2in1
68296.0,8222,Dầu gội khô
11827.0,1620,"Gel, sáp vuốt tóc"
11829.0,1620,Keo xịt tóc
17180.0,1620,Tạo kiểu tóc khác
11815.0,1620,"Thuốc duỗi, uốn"
68286.0,1623,Nhuộm tóc lâu dài
68287.0,1623,Nhuộm tóc tạm thời
68288.0,1623,Rửa màu tóc nhuộm
11817.0,7065,Kem ủ tóc
11819.0,7065,Mặt nạ tóc
11821.0,7065,"Serum, dầu dưỡng tóc"
11823.0,7065,Dầu bóng tóc
11825.0,7065,Xịt dưỡng tóc
17176.0,7065,Dưỡng tóc khác
17178.0,7065,"Kem ủ, dưỡng tóc khác"
17182.0,7065,"Thuốc nhuộm, duỗi, uốn khác"
,7061,
,1636,
,1637,
,68189,
,68190,
,8167,
11831.0,8166,Lô quấn tóc
7064.0,8166,"Lược, băng đô"
,8165,
11933.0,8164,Làm thon gọn cơ thể
11935.0,8164,Massage mặt
,11937,
,1634,
11639.0,5905,Máy rửa mặt
11641.0,5905,Dụng cụ rửa mặt khác
68261.0,5905,Bông rửa mặt
68262.0,5905,Cọ rửa mặt
68264.0,5905,Máy đẩy tinh chất
,11689,
11803.0,1590,Bộ chăm sóc móng
8205.0,1590,"Bộ dụng cụ, phụ kiện làm móng"
8204.0,1590,Bộ màu sơn móng
1622.0,1590,Dụng cụ làm móng
8202.0,1590,Miếng dán trang trí móng
8199.0,1590,Sơn móng
8200.0,1590,"Nước tẩy sơn móng, dưỡng móng"
8201.0,1590,Móng giả
,68283,
,68285,
8168.0,11903,Máy đo huyết áp
11905.0,11903,"Máy, que thử đường huyết"
11907.0,11903,Máy đo nồng độ oxy máu
11909.0,11903,Máy đo cholesterol
11911.0,11903,Đai lưng
11913.0,11903,Máy soi ngực
11915.0,11903,Ống tai nghe
8171.0,11903,Nhiệt kế
68231.0,11903,Máy đo nhịp tim
8170.0,11903,Cân sức khỏe
,11925,
,11921,
,2342,
,8172,
68191.0,11923,Chườm lạnh
68192.0,11923,Chườm nóng
,11927,
68233.0,11929,Bộ sơ cứu thương
68235.0,11929,Dụng cụ sơ cứu khác
68236.0,11929,Găng tay y tế
,11931,
,1633,
,8305,
,2162,
,68211,
68251.0,11939,"Định hình cánh tay, bàn tay, ngón tay"
68252.0,11939,"Định hình đầu gối, chân, bàn chân"
68253.0,11939,"Định hình hông, eo"
68254.0,11939,"Định hình lưng, vai, cổ"
68255.0,11939,Hỗ trợ ngực
11851.0,2826,Chăm sóc tóc và móng
11855.0,2826,Tăng kích cỡ ngực
56036.0,2826,Collagen
56037.0,2826,Hỗ trợ chăm sóc da
56038.0,2826,Thơm cơ thể
11891.0,2826,Kiểm soát cân nặng
11885.0,2827,"Nhân Sâm, Hồng Sâm"
11887.0,2827,Tỏi đen
11889.0,2827,Nghệ
56040.0,2827,Tảo
56041.0,2827,Sản phẩm từ ong
55951.0,55950,Canxi
55952.0,55950,Kẽm
55953.0,55950,Magie
55954.0,55950,Sắt
55955.0,55950,Vitamin A
55956.0,55950,Vitamin B
55957.0,55950,Vitamin C
55958.0,55950,Vitamin D
55959.0,55950,Vitamin E
11857.0,55950,Vitamin tổng hợp
56015.0,56014,Dầu xoa bóp
56016.0,56014,Tăng chiều cao
11859.0,56014,Hỗ trợ xương khớp
56017.0,11861,Cải thiện trí nhớ
56018.0,11861,Hỗ trợ giấc ngủ
56019.0,11869,Men vi sinh
56021.0,11869,Hỗ trợ dạ dày
56022.0,11869,Hỗ trợ bệnh trĩ
56024.0,11869,Bổ sung chất xơ
56025.0,11869,Hỗ trợ tiêu hóa khác
56020.0,11867,Bổ mắt
56023.0,11867,Dung dịch nhỏ mắt
56026.0,11871,Giảm Cholesterol
56027.0,11871,Ổn định huyết áp
56028.0,11871,Hỗ trợ tai biến
56029.0,11871,Hỗ trợ tim mạch khác
,11873,
,11863,
56031.0,11875,Giải rượu
56032.0,11875,Thải độc gan
56033.0,11875,Thải độc cơ thể khác
56034.0,56030,Tăng cường sinh lý
11879.0,56030,Sinh lý nam
11881.0,56030,Sinh lý nữ
56035.0,56030,Cân bằng nội tiết tố
,1630,
,1631,
,1627,
68301.0,11833,Bàn chải thường
53348.0,11833,Bàn chải điện
68321.0,11835,Kem đánh răng cho răng nhạy cảm
68322.0,11835,Kem đánh răng ngừa sâu răng
68323.0,11835,Kem đánh răng trắng răng
,11837,
,10228,
,1626,
,68329,
,68330,
,11878,
,11882,
,11884,
37592.0,11888,Xe mô tô dưới 175cc
37594.0,11888,Xe mô tô trên 175cc
,13100,
,37596,
,37598,
,6072,
67253.0,6071,Xe đạp điện phổ thông
67254.0,6071,Xe đạp có trợ lực điện
,11890,
67258.0,6073,Phụ kiện xe điện khác
67257.0,6073,Pin xe điện
67256.0,6073,Sạc xe điện
,8435,
24370.0,11892,Xe đạp leo núi
24374.0,11892,Xe đạp cuộc
,11894,
,11896,
,11898,
,11900,
,11914,
,11902,
,24376,
,24372,
,68638,
,68639,
,68640,
37602.0,37600,Sedan 4 chỗ ngồi
37604.0,37600,Sedan 5 chỗ ngồi
,37606,
,37676,
,37608,
,37610,
,37612,
,37614,
,37616,
,37618,
,37620,
,37622,
,37624,
,37626,
,37628,
,37630,
,37632,
,37634,
67300.0,54698,Xe điện nhiên liệu Hydro (FCEV)
67301.0,54698,Xe Hybrid (HEV)
67302.0,54698,Xe Hybrid có sạc (PHEV)
67303.0,54698,Xe thuần điện (BEV)
11908.0,11906,Mũ bảo hiểm xe máy
11912.0,11906,Mũ bảo hiểm trẻ em
11910.0,11906,Mũ bảo hiểm xe đạp
6064.0,6061,Decal trang trí xe máy
6068.0,6061,Khóa chống trộm xe máy
23114.0,6061,"Vỏ nhựa, dàn áo xe máy"
45468.0,6061,Ốc vít trang trí
45470.0,6061,Baga
45472.0,6061,Bạt trùm xe máy
45474.0,6061,Yên xe
6069.0,6061,Phụ kiện xe máy khác
45478.0,45476,Phuộc - Giảm xóc
45480.0,45476,Gương chiếu hậu
45484.0,45476,Đèn xe máy
45486.0,45476,Còi xe máy
45488.0,45476,Pô xe máy
45490.0,45476,Lọc gió và nhiên liệu
45492.0,45476,Ắc quy xe máy
50390.0,45476,"Vỏ, lốp xe máy"
45494.0,45476,Phụ tùng thay thế khác cho xe máy
52174.0,45476,Mâm xe máy
6063.0,45498,"Dầu nhớt xe máy, mô tô"
45510.0,45498,"Phụ gia xe máy, mô tô"
6067.0,45522,Quần áo bảo hộ xe máy
6066.0,45522,Găng tay xe máy
45524.0,45522,Giày đi xe máy
45526.0,45522,Đồ bảo hộ khác
52196.0,45522,Dung dịch vệ sinh xe
67296.0,45522,Thùng đựng đồ xe máy
45528.0,11904,Đèn xe đạp
45530.0,11904,Bơm xe đạp
45532.0,11904,Khoá xe đạp
45534.0,11904,Săm - Vỏ xe đạp
45536.0,11904,Bộ dụng cụ sửa chữa xe đạp
45538.0,11904,Phụ tùng - Phụ kiện xe đạp khác
52200.0,11904,Yên xe đạp
45546.0,6045,Phụ kiện nội thất ô tô
45558.0,6045,Phụ kiện ngoại thất ô tô
52242.0,45606,Dụng cụ vệ sinh xe
52244.0,45606,Máy rửa xe và phụ tùng thay thế
24348.0,6052,Đèn ô tô
24346.0,6052,Bình ắc quy ô tô
24356.0,6052,Mâm - Lốp xe
24344.0,6052,"Dụng cụ, thiết bị sửa ô tô"
24350.0,6052,Còi ô tô
24352.0,6052,Gạt mưa ô tô
45572.0,6052,Lọc gió và nhiên liệu
45574.0,6052,Bugi ô tô
45576.0,6052,Phụ tùng thay thế khác cho ô tô
6062.0,24362,Dầu nhớt ô tô
45588.0,24362,Phụ gia ô tô
24358.0,24362,"Nước hoa, sáp thơm ô tô"
45596.0,24362,"Vệ sinh, khử mùi nội thất"
45598.0,24362,Keo - Băng keo chuyên dụng
45600.0,24362,Sơn - Phủ gầm ô tô
45602.0,24362,"Vệ sinh lốp, thân vỏ"
45604.0,24362,"Nước rửa xe, rửa kính"
46206.0,24362,"Đánh bóng, xoá xước sơn"
,17224,
,17226,
,23116,
,23118,
,27582,
,27580,
,27584,
,5344,
,5346,
,5345,
,67211,
,67213,
,67214,
,67216,
,67217,
,67218,
,5407,
,5406,
,5408,
,49288,
,49290,
,5405,
,1701,
,939,
,938,
,49346,
,49348,
,1716,
,49350,
,67166,
,27594,
67221.0,27588,Bộ vest nữ
67222.0,27588,"Áo vest, blazer nữ rời"
,27598,
,49352,
,27596,
,49354,
,49356,
,49358,
,49360,
,67225,
,67226,
,49362,
67147.0,49364,Bộ trang phục ngành nghề cho nữ
67148.0,49364,Bộ trang phục truyền thống nữ
67149.0,49364,Đồ hóa trang nữ
67168.0,10385,Áo dài cách tân
67170.0,10385,Áo dài truyền thống
67205.0,49366,Bộ đồ gia đình
67206.0,49366,Quần gia đình
67207.0,49366,Áo khoác gia đình
67208.0,49366,Áo thun gia đình
49370.0,49368,Quần đôi
67202.0,49368,Bộ đồ đôi
67203.0,49368,Áo khoác đôi
67204.0,49368,Áo thun đôi
,49374,
,49376,
,49378,
,49380,
,49382,
,67150,
,67151,
,67152,
67157.0,67153,Quần ngắn nữ trung niên
67158.0,67153,Quần dài nữ trung niên
67159.0,67154,Áo kiểu nữ trung niên
67160.0,67154,Áo khoác nữ trung niên
67161.0,67154,Áo sơ mi nữ trung niên
67162.0,67154,Áo thun nữ trung niên
49412.0,1509,Áo nâng ngực
49418.0,1509,Áo không đệm - Bralette
49420.0,1509,Corset
49422.0,1510,Quần ôm
49424.0,1510,Quần lọt khe
49426.0,1510,Quần lót không đường may
8345.0,1510,Đồ lót tạo dáng
67191.0,1510,Quần lót định hình
67192.0,1510,Quần lót khác
67193.0,1510,Quần lót hispter
67195.0,1510,Quần lót boxer
67196.0,1510,Quần lót kiểu brief
,8347,
,8344,
,67197,
49428.0,8346,Đầm ngủ
49430.0,8346,Bộ quần áo ngủ
27574.0,8346,"Đồ ngủ cosplay, gợi cảm"
49434.0,49432,Đồ bộ ngắn
49436.0,49432,Đồ bộ lửng
49438.0,49432,Đồ bộ dài
,49442,
,27576,
,27578,
67179.0,67181,Áo sơ mi nữ tay ngắn hoạ tiết
67180.0,67181,Áo sơ mi nữ tay ngắn trơn
67183.0,67182,Áo sơ mi nữ tay dài hoạ tiết
67184.0,67182,Áo sơ mi nữ tay dài trơn
,67173,
,67174,
,67175,
,67176,
,67177,
,67171,
,67172,
,10388,
,67185,
,67186,
,67187,
,67188,
,67231,
,67232,
,67233,
,67234,
67039.0,8275,Các loại bánh khác
67040.0,8275,Bánh xốp
67041.0,8275,Bánh quy
67042.0,8275,Bánh gạo
67043.0,8275,Bánh bông lan
67044.0,8275,Bánh ngọt
67045.0,8275,Bánh snack
67046.0,8275,Bánh que
67047.0,8276,Các loại kẹo khác
67048.0,8276,Kẹo dẻo
67049.0,8276,Kẹo Marshmallow
67050.0,8276,Kẹo cao su
67051.0,8276,Kẹo đóng hộp
67052.0,8276,Kẹo cứng
67053.0,8276,Kẹo the
67054.0,8276,Kẹo thanh
67055.0,8277,Chocolate hộp
67056.0,8277,Chocolate viên
,8278,
,10222,
67059.0,53526,Khô các loại
67060.0,53526,Khô cá
67061.0,53526,Khô gà
67062.0,53526,Khô bò
67063.0,53526,Khô heo
,53528,
,67057,
,67058,
,53556,
,67065,
,67066,
,67067,
,67068,
,6548,
,67069,
,67103,
,67507,
4420.0,4393,Thực phẩm ăn liền
8292.0,4393,"Gạo, nếp"
8294.0,4393,Thực phẩm khô khác
10223.0,4393,"Bánh tráng, bánh phở"
68564.0,4393,Bún khô
68565.0,4393,"Hủ tiếu, miến, phở khô"
68566.0,4393,Lạp xưởng
68567.0,4393,"Mì, nui"
68568.0,4393,Thịt sấy
68569.0,4393,Xúc xích
,11304,
8279.0,4419,Cá hộp
8280.0,4419,Thịt hộp
8281.0,4419,"Rau củ, trái cây đóng hộp"
68555.0,4419,Súp và mì ý đóng hộp
11252.0,53558,Thực phẩm cho trẻ em
11251.0,53558,Thực phẩm bảo vệ sức khỏe
8240.0,53558,Thực phẩm bổ dưỡng
11346.0,53558,Thực phẩm cao cấp
5479.0,53558,Thực phẩm chay
11660.0,53558,Thực phẩm hữu cơ
68563.0,53558,Rau củ muối
68545.0,68544,Các loại đậu khác
68546.0,68544,Đậu đen
68547.0,68544,Đậu đỏ
68548.0,68544,Đậu gà
68549.0,68544,Đậu lăng
68550.0,68544,Đậu nành
68551.0,68544,Đậu ngự
68552.0,68544,Đậu phộng
68553.0,68544,Đậu trắng
68554.0,68544,Đậu xanh
68557.0,68556,"Hủ tiếu, miến, phở ăn liền"
68558.0,68556,Mì ăn liền
68559.0,68556,Mì ý ăn liền
68560.0,68556,Súp ăn liền
68561.0,68556,"Súp, Cháo ăn liền"
68562.0,68556,Thực phẩm chế biến sẵn khác
53608.0,4426,Các loại nước có gas khác
4425.0,15076,Đồ uống không gas khác
53552.0,8282,Bột ngọt
53554.0,8282,Các loại gia vị khác
68506.0,8282,Bơ
68507.0,8282,"Bột bò kho, hủ tiếu"
68508.0,8282,Bột cà ri
68509.0,8282,Bột canh
68510.0,8282,Bột nghệ
68511.0,8282,Bột ớt
68512.0,8282,Bột tỏi
68513.0,8282,Các loại sốt
68514.0,8282,Dầu hào
68515.0,8282,Đường
68516.0,8282,"Gia vị chiên, xào"
68517.0,8282,Gia vị gia cầm
68518.0,8282,Gia vị hải sản
68519.0,8282,Gia vị nướng thịt
68520.0,8282,Giấm
68521.0,8282,Hạt nêm
68522.0,8282,Miso
68523.0,8282,Muối
68529.0,8282,Rượu nấu ăn
68530.0,8282,Sốt cà chua
68531.0,8282,Tiêu
53546.0,8283,Nước mắm
53548.0,8283,Nước tương
53550.0,8283,Các loại nước chấm khác
68532.0,8283,"Mắm ruốc, mắm nêm"
68533.0,8283,Mayonnaise
68534.0,8283,Mù tạt
68535.0,8283,Nước chấm
68536.0,8283,Tương cà
68537.0,8283,Tương đen
68538.0,8283,Tương ớt
8284.0,5477,Dầu thực vật
8285.0,5477,Dầu olive
8286.0,5477,Dầu đậu nành
68442.0,5477,Dầu dừa
68443.0,5477,"Dầu hướng dương, dầu gạo"
68445.0,5477,"Dầu mè, phộng"
11257.0,11256,Chocolate và cacao nướng bánh
11336.0,11256,Sữa đặc và sữa bột
11337.0,11256,Kem béo và sốt ngọt
11338.0,11256,Trái cây khô
11339.0,11256,Chiết xuất và hương liệu
11340.0,11256,Các loại bột
11341.0,11256,Pudding và gelatin
11342.0,11256,"Sirô, đường và chất tạo ngọt"
8293.0,11256,Nguyên liệu khác
68451.0,11256,Chất tạo màu
68452.0,11256,Đồ trang trí
68453.0,11256,Phụ gia các loại
68501.0,11256,Bột pha sẵn
53532.0,53530,Thức ăn cho chim
53534.0,53530,Thức ăn cho cá
53536.0,53530,Thức ăn cho chuột
53538.0,53530,Thức ăn thú cưng khác
5456.0,53530,Thức ăn cho chó
5461.0,53530,Thức ăn cho mèo
53542.0,53540,Dành Cho Chuột
53544.0,53540,Các Loại Thú Nuôi Khác
5452.0,53540,Dành cho chó
5453.0,53540,Dành cho mèo
8326.0,53540,Dành cho Cá
11253.0,53540,Dành cho chim
66987.0,66986,Các sản phẩm sức khỏe khác
66988.0,66986,Tẩy giun & diệt bọ chét
66989.0,66986,Dược phẩm
66990.0,66986,Vitamin & chất bổ sung dinh dưỡng
66992.0,66991,Các dụng cụ chăm sóc khác
66993.0,66991,Bàn chải lông
66994.0,66991,"Kìm cắt, bấm móng"
66996.0,66995,Các đồ dùng vệ sinh khác
66997.0,66995,Cát vệ sinh
66998.0,66995,Nhà vệ sinh
66999.0,66995,Khay vệ sinh
67035.0,67034,Các chất vệ sinh khác
67036.0,67034,Xịt dưỡng lông
67037.0,67034,Xịt khử mùi
67038.0,67034,Sữa tắm chó mèo
,53574,
,53576,
,53578,
,53580,
68616.0,8274,Trà chức năng
68617.0,8274,Trà khô
68618.0,8274,Trà sữa
68619.0,8274,Trà thảo dược
68620.0,8274,Trà túi lọc
53616.0,8274,Trà Uống Liền
53618.0,4423,Cafe Uống Liền
68621.0,4423,Bột kem cà phê
68622.0,4423,Cà phê hòa tan
68623.0,4423,Cà phê rang xay
68624.0,4423,Hạt cà phê chưa rang
68625.0,4423,Hạt cà phê rang
68626.0,4423,Viên nén cà phê
,5478,
,53560,
68644.0,53612,Nước có vị
68647.0,53612,Nước khoáng
68648.0,53612,Nước tinh khiết
68654.0,53614,Nước dừa
68655.0,53614,Nước trái cây các loại
53606.0,68660,Nước ngọt có ga
53610.0,68660,Nước tăng lực & đồ uống thể thao
68670.0,68660,Bột pha nước các loại
68671.0,68660,Nước thanh lọc
,68676,
,68677,
,68678,
53564.0,8273,Sữa tiệt trùng (UHT)
53566.0,8273,Sữa Chua Uống & Ăn
53568.0,8273,Sữa Thực Vật
53570.0,8273,Sữa Chức Năng Uống Liền
67070.0,8273,Sữa hạt
67071.0,8273,Sữa thanh trùng
67072.0,8273,Sữa đậu nành
67073.0,8273,Sữa hương vị
67074.0,8273,Sữa nguyên kem
,4427,
,53572,
,67508,
,67509,
48034.0,11343,Rượu mùi
,53584,
,53586,
,53588,
,11344,
68600.0,48030,Rượu vang đỏ
68601.0,48030,Rượu vang khác
68602.0,48030,Rượu vang trắng
53590.0,48032,Brandy
53592.0,48032,Whisky
53594.0,48032,Gin
53596.0,48032,Tequila
53598.0,48032,Vodka
53600.0,48032,Rum
53602.0,48032,Các loại rượu mạnh khác
68603.0,48032,Rượu địa phương
68604.0,48036,Rượu gạo
68605.0,48036,Rượu Sake
68606.0,48036,Rượu Soju
,53604,
,68607,
,68609,
,68577,
,68578,
,68579,
,68580,
,68581,
,68582,
,68583,
,68584,
,68585,
,68586,
23884.0,1977,Banh bóng bàn
23886.0,1977,Cốt vợt bóng bàn
23888.0,1977,Mặt vợt bóng bàn
23890.0,1977,Vợt bóng bàn
23892.0,1977,Bàn bóng bàn
23894.0,1977,Máy bắn bóng bàn
23896.0,1977,Phụ kiện bóng bàn
23898.0,8438,Vợt cầu lông
23902.0,8438,Phụ kiện cầu lông
23904.0,8438,Trang thiết bị sân cầu lông
23906.0,8440,Vợt tennis
23910.0,8440,Phụ kiện tennis
23912.0,8440,Máy bắn bóng tennis
23914.0,8440,Trang thiết bị sân tennis
23916.0,8443,Gậy bóng chày
23918.0,8443,Quả bóng chày
23920.0,8443,Găng tay bóng chày
23924.0,8443,Giáp bóng chày
67443.0,8443,Trang thiết bị sân bóng chày
23940.0,2980,Bóng rổ
23942.0,2980,Vành bóng rổ
23944.0,2980,Trang thiết bị sân bóng rổ
23946.0,2980,Phụ kiện bóng rổ
23934.0,2981,Banh bóng đá
23936.0,2981,Phụ kiện bóng đá
23938.0,2981,Trang thiết bị sân bóng đá
67448.0,2981,Găng tay thủ môn
23926.0,8444,Banh bóng chuyền trong nhà
23928.0,8444,Banh bóng chuyền bãi biển
23930.0,8444,Phụ kiện bóng chuyền
23932.0,8444,Trang thiết bị sân bóng chuyền
67444.0,8444,Lưới bóng chuyền
67452.0,2156,Cầu đá
67453.0,2156,Cầu mây
,23960,
,23964,
24028.0,8445,Trang phục thể dục dụng cụ
24030.0,8445,Dụng cụ - thiết bị thể dục dụng cụ
24032.0,8445,Phụ kiện thể dục dụng cụ
24038.0,24036,Banh bowling
24042.0,24036,Chân bowling
24044.0,24036,Giày bowling
24046.0,24036,Phụ kiện bowling
24078.0,24052,Bàn bida
24080.0,24052,Bi bida
24082.0,24052,Cơ
24086.0,24052,Phụ kiện bida khác
67454.0,24052,Phụ kiện bida
,24056,
,24058,
,24060,
24092.0,24064,Gậy Golf
24094.0,24064,Túi Golf
24096.0,24064,Banh Golf
24098.0,24064,Găng tay Golf
24100.0,24064,Thảm tập Golf
24102.0,24064,Phụ kiện Golf
24104.0,24068,Giày patin
24106.0,24068,Phụ kiện giày patin
24108.0,24068,Dụng cụ bảo hộ trượt patin
24116.0,24070,Giày trượt băng
24118.0,24070,Phụ kiện giày trượt băng
24120.0,24070,Trang phục trượt băng
24122.0,24074,Thảm yoga
24124.0,24074,Bóng tập yoga
24126.0,24074,Phụ kiện tập Yoga & Pilates khác
67483.0,24074,Dây kháng lực Pilates
67484.0,24074,Vòng tập Pilates
24110.0,8437,Ván trượt
24112.0,8437,Phụ kiện ván trượt
24114.0,8437,Dụng cụ bảo hộ trượt ván
,24136,
,24138,
,24140,
24144.0,24142,Con lăn tập bụng
24146.0,24142,Ghế cong lưng tập bụng
24148.0,24142,Máy tập bụng
24150.0,24142,Dụng cụ tập eo
,24152,
24154.0,3323,Tạ đôi
24156.0,3323,"Tạ đeo tay, chân"
24158.0,3323,Tạ miếng
24160.0,3323,Tạ vôi
24162.0,3323,Phụ kiện tạ tập
67594.0,3323,Tạ gan
67595.0,3323,Tạ inox
67596.0,3323,Tạ sắt
67597.0,3323,Tạ thép
,24164,
,24166,
,24168,
,24170,
67603.0,24174,Giày chạy đường trường nam
67604.0,24174,Giày chạy trail nam
,24190,
,30964,
,67601,
,67602,
,67605,
,67606,
,67607,
,67608,
67617.0,24218,Giày chạy đường trường nữ
67618.0,24218,Giày chạy trail nữ
,32874,
,67615,
,67616,
,67619,
,67620,
,67621,
,67622,
,67623,
,24296,
67598.0,24298,Lưỡi câu
67600.0,24298,Phao câu
,24300,
,24302,
,24304,
,8459,
,8451,
,24308,
,8458,
,24310,
,24314,
,24318,
24320.0,2157,Kính bơi
24322.0,2157,Nón bơi
24324.0,2157,Phao bơi
24326.0,2157,Phụ kiện bơi lội
,8447,
,8448,
,8450,
24330.0,24328,"Kính lặn ống thở, mặt nạ lặn"
24332.0,24328,Trang phục lặn
24334.0,24328,Chân nhái
24336.0,24328,Phụ kiện lặn biển khác
67769.0,10804,Thực phẩm tăng cân ít tăng mỡ
67770.0,10804,Thực phẩm tăng cân nhanh
67765.0,10805,L-Carnitine
,10806,
67784.0,10807,Bánh Protein
67785.0,10807,Bột & Sữa tăng sức bền
67787.0,10807,Gel năng lượng
67788.0,10807,Thảo mộc bổ sung năng lượng
10808.0,10807,"Bánh năng lượng, thanh năng lượng"
24340.0,10807,Điện giải
67783.0,67789,Bột uống Pre-workout
67790.0,67789,Chất tăng cường Oxit Nitric
24278.0,8428,"Lều trại, mái che"
24280.0,8428,Túi ngủ
24282.0,8428,Thảm dã ngoại
24288.0,8428,"Bàn, ghế xếp dã ngoại"
24290.0,8428,Bếp & dụng cụ nấu ăn dã ngoại
24292.0,8428,Đồ dùng dã ngoại khác
24260.0,24258,Gậy leo núi
24262.0,24258,Thiết bị hỗ trợ leo dây
24264.0,24258,Dụng cụ bảo hộ leo núi
24268.0,24258,Phụ kiện leo núi khác
67580.0,24258,Máy sưởi dã ngoại
67656.0,6140,Trang phục ba lê và khiêu vũ dành cho nam
67657.0,6140,Trang phục thể thao nam khác
24204.0,6140,Trang phục Golf nam
67705.0,6141,Trang phục ba lê và khiêu vũ dành cho nữ
67706.0,6141,Trang phục thể thao nữ khác
24244.0,6141,Trang phục Golf nữ
,5333,
,1685,
,10378,
,8336,
,67298,
49446.0,10379,Áo sơ mi nam tay dài trơn
49448.0,10379,Áo sơ mi nam tay dài họa tiết
49450.0,10380,Áo sơ mi nam tay ngắn trơn
49452.0,10380,Áo sơ mi nam tay ngắn họa tiết
,49444,
,10381,
,49456,
,49458,
,49460,
,49464,
,49508,
,27552,
,27566,
,49510,
,49512,
,49514,
,27554,
,22900,
,922,
,5409,
,49496,
,49500,
,49506,
,2269,
,4555,
67242.0,49518,Áo thun đôi cho nam
67243.0,49518,Áo khoác đôi cho nam
67244.0,49518,Bộ đồ đôi cho nam
,49520,
67245.0,49522,Áo khoác gia đình cho nam
67246.0,49522,Áo thun gia đình cho nam
67247.0,49522,Bộ đồ gia đình cho nam
67324.0,4556,Quần lót boxer nam
67325.0,4556,Quần lót dây nam
67326.0,4556,Quần lót kiểu brief nam
67327.0,4556,Quần lót nam khác
,4557,
67318.0,67317,Áo lót nam dài tay
67319.0,67317,Áo lót nam ngắn tay
,67328,
,49526,
,49528,
,49530,
67248.0,49534,Áo khoác nam trung niên
67249.0,49534,Áo sơ mi nam trung niên
67250.0,49534,Áo thun nam trung niên
67251.0,49536,Quần short nam trung niên
67252.0,49536,Quần dài nam trung niên
,49538,
,49540,
,67310,
,67311,
,67312,
,49494,
,49498,
,49504,
,20768,
,20770,
,20782,
20788.0,20784,Cà phê
20792.0,20784,Trà
20798.0,20784,Đồ uống khác
,20800,
,20806,
,20808,
,20810,
,20826,
20830.0,20828,Bếp các loại
20832.0,20828,Bình các loại
20836.0,20828,Đồ dùng nhà bếp khác
20838.0,20828,"Lò nướng, vỉ nướng, lò vi sóng"
20854.0,20828,Thiết bị nhà bếp
20856.0,20828,"Máy xay, máy ép"
20858.0,20828,Nồi điện
20866.0,20862,"Bàn ủi, bàn là"
20872.0,20862,Máy hút bụi
20874.0,20862,Máy lọc không khí & tạo ẩm
20886.0,20862,Quạt điện
20890.0,20862,Thiết bị gia đình khác
,24986,
20912.0,20910,Băng keo cá nhân
20914.0,20910,Chăm sóc mắt
20916.0,20910,Chăm sóc răng miệng
20918.0,20910,Dung dịch vệ sinh nam nữ
20920.0,20910,Máy cạo râu
20922.0,20910,Sản phẩm chăm sóc cá nhân khác
55622.0,20910,Băng vệ sinh
55624.0,20910,Bọt cạo râu
55626.0,20910,Khăn giấy ướt
20930.0,20928,Chăm sóc ngực
20932.0,20928,Dưỡng thể
20934.0,20928,Kem tan mỡ
20936.0,20928,Sản phẩm chống nắng
20938.0,20928,Sản phẩm khử mùi
20940.0,20928,Sản phẩm tẩy lông
20948.0,20928,"Sữa tắm, xà bông, muối tắm"
20950.0,20928,"Tẩy tế bào chết, massage"
20952.0,20928,Trị rạn nứt da
55674.0,20928,Bộ chăm sóc cơ thể
55676.0,20928,Bộ chăm sóc tóc và da đầu
55680.0,20928,"Sản phẩm dưỡng tay, chân"
20964.0,20962,Chăm sóc vùng da mắt
20966.0,20962,Làm sạch da mặt
20968.0,20962,Mặt nạ
20970.0,20962,Dụng cụ chăm sóc da mặt
20972.0,20962,"Nước hoa hồng, toner"
20974.0,20962,Sản phẩm chống nắng và phục hồi sau khi đi nắng
20976.0,20962,Sản phẩm trị mụn
20978.0,20962,Xịt khoáng
24988.0,20962,Dưỡng da mặt
20982.0,20980,"Dầu gội, dầu xả"
20984.0,20980,"Dưỡng tóc, ủ tóc"
20986.0,20980,Phụ kiện tóc
24992.0,20980,Tạo kiểu tóc
24994.0,20980,Tóc giả
55736.0,20980,Bộ chăm sóc tóc
,20990,
,20992,
21002.0,21000,Cân sức khỏe
21004.0,21000,Dụng cụ sơ cứu
21006.0,21000,Dụng cụ theo dõi sức khỏe
21008.0,21000,Máy massage
21010.0,21000,Máy xông mũi họng
21012.0,21000,Thiết bị khác
55748.0,21000,Khẩu trang y tế
55750.0,21000,Nhiệt kế
55752.0,21000,Que thử thai
55756.0,21000,Túi chườm
55758.0,21000,Vớ ngăn giãn tĩnh mạch
21016.0,21014,Dành cho tóc
21018.0,21014,Dành cho mặt
21020.0,21014,Dành cho cơ thể
55774.0,21014,Dao - Máy cạo râu & Hớt tóc
55906.0,21014,Dụng cụ làm đẹp khác
21024.0,21022,Kiểm soát cân nặng
21026.0,21022,Thực phẩm chức năng làm đẹp
21028.0,21022,Thực phẩm chức năng sức khỏe
21030.0,21022,Thực phẩm chức năng thiên nhiên
21034.0,21032,Chăm sóc móng
21036.0,21032,Dụng cụ trang điểm
21038.0,21032,"Tẩy trang, khăn ướt"
21040.0,21032,Trang điểm mặt
21042.0,21032,Trang điểm mắt
21044.0,21032,Trang điểm môi
55872.0,21032,Trang điểm khác
,21056,
,21058,
,21060,
,21076,
,21078,
,21084,
,21086,
,21088,
,21092,
,21094,
,21106,
21114.0,21110,USB
21120.0,21110,Thiết bị lưu trữ khác
,21132,
,21138,
,21144,
,21146,
,21148,
,21150,
,21152,
,21154,
,21156,
,21158,
,21162,
,21164,
55428.0,21170,Gối cho mẹ bầu
69179.0,21170,Vitamins cho mẹ bầu
55572.0,21172,Bánh quy cho bé
55574.0,21172,Bột ăn dặm
55588.0,21172,Sữa công thức pha sẵn
55590.0,21172,Thực phẩm chế biến sẵn
69180.0,21172,Gia vị cho bé
55582.0,21172,Sữa bột cho bé dưới 24 tháng
55584.0,21172,Sữa bột cho bé trên 24 tháng
69181.0,21174,Sữa bột chức năng cho người lớn
69182.0,21174,Sữa nước chức năng cho người lớn
69183.0,21174,Vitamins và thực phẩm chức năng
,21176,
21234.0,21180,Dụng cụ chăm sóc sức khỏe
21236.0,21180,Đồ dùng ăn uống cho bé
21238.0,21180,Đồ dùng bảo vệ bé
21242.0,21180,Đồ dùng phòng ngủ cho bé
21244.0,21180,Đồ dùng vệ sinh cho bé
24984.0,21180,Sản phẩm chăm sóc bé
,21246,
69184.0,21248,Tã bơi
21252.0,21250,Phụ kiện cho bé
21254.0,21250,Thời trang bầu
21260.0,21250,Thời trang sơ sinh
,21270,
,21272,
,21274,
,21276,
,21280,
,21282,
,21284,
,21286,
,21288,
,24996,
,24998,
,25000,
21302.0,21300,Art & Photography
21304.0,21300,Biographies & Memoirs
21306.0,21300,Business & Economics
21308.0,21300,How-to - Self Help
21310.0,21300,Children's Books
21312.0,21300,Dictionary
21314.0,21300,Education - Teaching
21316.0,21300,Fiction - Literature
21318.0,21300,Magazines
21320.0,21300,Medical Books
21322.0,21300,Relationships
21326.0,21300,Science - Technology
21328.0,21300,Politics & Social Sciences
21330.0,21300,Travel
21332.0,21300,"Cookbooks, Food & Wine"
25002.0,21300,Culture & Ancient
25004.0,21300,Lifestyle - Fitness - Healthcare
25006.0,21300,Home & Garden
25040.0,21300,Manga
25042.0,21300,Environment & Nature
25046.0,21300,Maternal & Parenting
25048.0,21300,Architecture
25050.0,21300,History
25052.0,21300,"Psychology, Philosophy & Social Science"
21336.0,21334,Bút - Viết
21338.0,21334,Sổ tay
21340.0,21334,Máy tính
21342.0,21334,Art & Design
21344.0,21334,Văn Phòng Phẩm Khác
,25008,
,21348,
,21350,
,21352,
,21354,
,21358,
,21360,
,21362,
,21364,
,21368,
,21370,
,21372,
,21374,
,21384,
,21386,
,21388,
,21390,
,21392,
,21396,
,21398,
,21400,
,21402,
,21404,
,21406,
,21410,
,21412,
,21414,
,21416,
,21418,
,21420,
21424.0,21422,Đồng hồ thông minh
21426.0,21422,Thiết bị thông minh khác
21428.0,21422,Thiết bị thực tế ảo
21430.0,21422,Vòng theo dõi vận động
21432.0,21422,Thiết bị nhà thông minh
,21436,
,21440,
,25010,
,25014,
,25016,
,25022,
,25024,
,25026,
,25028,
21446.0,21444,Giày nam
21448.0,21444,Phụ kiện nam
21450.0,21444,Trang phục nam
21452.0,21444,"Đồ ngủ, mặc nhà, đồ lót nam"
21454.0,21444,Trang phục bơi nam
21456.0,21444,"Túi xách, ví nam"
21458.0,21444,Đồng hồ nam
21460.0,21444,Mắt kính
25030.0,21444,Tất Nam
21464.0,21462,"Đồ ngủ, đồ mặc nhà, nội y"
21466.0,21462,Giày dép nữ
21468.0,21462,Trang phục nữ
21470.0,21462,Trang phục bơi nữ
21472.0,21462,Mắt kính nữ
21474.0,21462,Đồng hồ nữ
21476.0,21462,Túi thời trang nữ
25032.0,21462,Tất Nữ
,21478,
21490.0,21488,Vali
21492.0,21488,Túi xách & Balo
21494.0,21488,Phụ kiện
,25034,
,21366,
,21498,
,21500,
,21502,
,21504,
,21506,
,21508,
,21510,
,21512,
,21514,
,27470,
,30928,
,31794,
,31796,
,31798,
,32370,
,32374,
,32382,
,35610,
,36122,
,29010,
,2458,
,5584,
,29008,
,29012,
28932.0,2665,Màn Hình Phổ Thông
12672.0,2665,Màn Hình Gaming
28934.0,2665,Màn Hình Di Động
28930.0,2665,Màn Hình Đồ Họa
6556.0,2308,Máy In Laser
6561.0,2308,Máy In Phun
8089.0,2308,Máy In Ảnh
28936.0,2308,"Máy In Nhãn, Hóa Đơn"
28938.0,2308,Máy In Kim
8087.0,2308,Máy Photocopy
28940.0,2308,Linh Kiện và Phụ Kiện Máy In
,6255,
28942.0,4532,Mực In Màu
28944.0,4532,Drums và Toner Cho Máy In Laser
,4542,
28946.0,8086,Nhãn In
28948.0,8086,Giấy In Hóa Đơn - Giấy In Tem
28950.0,8086,Giấy In Ảnh
28952.0,2664,Máy chiếu
28960.0,2664,Phụ kiện máy chiếu
29002.0,2664,Màn hình ghép - Màn hình LED
,30020,
,10089,
,12886,
,8088,
,29006,
,12890,
4051.0,28844,Ổ Cứng HDD
2146.0,28844,Ổ Cứng SSD
28840.0,1827,Ổ Cứng SSD Di Động
28842.0,1827,Ổ Cứng HDD Di Động
,5350,
,5349,
,1828,
,28838,
4316.0,13150,Access Point - Điểm Truy Cập
4293.0,13150,Router Wifi
4294.0,13150,USB Wifi
,4343,
,4345,
,4454,
,4642,
,28894,
,4346,
,7361,
,28896,
,4585,
,8094,
,7369,
67081.0,5172,PC Gaming
,29014,
,29016,
,28900,
,11964,
,11956,
,11962,
,11960,
28904.0,28902,Quạt Tản Nhiệt
28906.0,28902,Keo - Pad Tản Nhiệt
,11958,
,11966,
2679.0,2680,RAM Laptop
12298.0,2680,RAM Desktop
,28908,
,28910,
,28914,
,28916,
,11968,
28920.0,28918,Adapter Sạc Laptop
28922.0,28918,Bàn Phím Thay Thế Laptop
28924.0,28918,Pin Thay Thế Laptop
28926.0,28918,Linh Kiện Thay Thế Laptop Khác
,49620,
,49622,
,49624,
,49626,
,49628,
,49630,
,49632,
,49634,
,49636,
,10383,
,10384,
,49638,
,49640,
,49642,
,49644,
,49646,
,49648,
,68160,
,68161,
,68162,
,12900,
,4239,
,11524,
,6280,
,4236,
,8950,
,7603,
,67238,
,67239,
,67240,
,67241,
,7074,
7083.0,7082,Điều khiển từ xa Tivi
26640.0,7082,Đầu thu kỹ thuật số
26642.0,7082,Anten Tivi
7084.0,7082,Giá treo Tivi
26638.0,7082,Cáp Tivi
28880.0,7082,"Bộ vệ sinh, bảo vệ Tivi"
28882.0,7082,Kính 3D
,67209,
,67210,
,67212,
,67215,
,67219,
,67220,
,67223,
,67224,
,67235,
,67236,
,67237,
,67227,
,67228,
,67229,
,67189,
,67190,
,67194,
,67198,
,67199,
,28884,
,28886,
,28888,
,28890,
,28892,
,49542,
,49544,
,49546,
,49548,
,49550,
,49552,
,49554,
,49556,
,49558,
,49560,
,49562,
,49564,
,49566,
,49568,
,49570,
,49572,
,49574,
,49576,
,49578,
,49580,
,49582,
,49584,
,49586,
,49588,
,49590,
,49592,
,49594,
,68163,
,68164,
,68165,
,1808,
,1809,
,2658,
,2144,
,28808,
67121.0,2662,Pin máy quay
67122.0,2662,Pin máy ảnh
,20260,
,8054,
,20262,
,1841,
,28758,
,28756,
,20264,
,20266,
,28760,
,28762,
,28764,
,28766,
,28768,
67123.0,2678,Tripod
67124.0,2678,Monopod
2681.0,1839,Thẻ Nhớ SD
2682.0,1839,Thẻ Nhớ CF
28770.0,1839,Thẻ Nhớ Máy Ảnh Khác
,28772,
,28774,
,28776,
,1843,
,20270,
,28780,
,28778,
,28782,
,28784,
,28786,
,28788,
,28790,
,28792,
,20268,
,28796,
,28798,
,28800,
,28802,
,28804,
,28810,
67119.0,28812,SLR Lens
,28816,
,28818,
,4075,
,28820,
,4074,
,28824,
,28826,
,28828,
,5121,
,5123,
,5124,
,28832,
,7912,
,8048,
,8049,
,8050,
,4879,
,28836,
,4079,
5394.0,978,Kính mát nữ
5410.0,978,Kính mát nam
8382.0,1017,Gọng kính nam
8384.0,1017,Gọng kính nữ
,11839,
,11374,
,11843,
49662.0,5401,Nón tai bèo nữ
49664.0,5401,Nón nửa đầu nữ
49666.0,5401,Nón lưỡi trai nữ
49668.0,5401,Nón rộng vành nữ
49670.0,5401,Nón chống nắng nữ
49672.0,5403,Vớ ngắn nữ
49674.0,5403,Vớ dài nữ
49676.0,5403,Khẩu trang nữ
5402.0,5403,Khăn choàng - Khăn tay nữ
67139.0,5403,Vớ họa tiết
49678.0,8361,Cột tóc
49680.0,8361,Cài tóc
49682.0,8361,Băng đô
49684.0,8361,Lược
49686.0,8361,Dụng cụ uốn tóc và tạo kiểu
49688.0,8361,Phụ kiện tóc khác
49690.0,5387,Thắt lưng nữ bản to
49692.0,5387,Thắt lưng nữ bản nhỏ
49694.0,5387,Mặt thắt lưng nữ
,5400,
,15118,
,67145,
,67146,
49704.0,8341,Nón lưỡi trai nam
49706.0,8341,Nón rộng vành nam
49708.0,8341,Nón len nam
49710.0,8341,Nón phớt cao bồi nam
49712.0,8341,Nón snapback nam
49714.0,8341,Nón tai bèo nam - bucket nam
,8343,
49716.0,5343,Vớ cổ ngắn nam
49718.0,5343,Vớ cổ cao nam
67140.0,5343,Vớ nam họa tiết
5339.0,968,Dây thắt lưng - Dây nịt
5338.0,968,Mặt thắt lưng nam
,49720,
,8342,
1706.0,67142,Cà vạt
67143.0,67142,Nơ cổ
,67144,
,44826,
,44828,
,54278,
,54280,
67255.0,54282,Thịt chim
68727.0,54282,Thịt gà
68728.0,54282,Thịt vịt
,54284,
,54286,
68729.0,54288,Trứng cút
68730.0,54288,Trứng gà
68731.0,54288,Trứng vịt
68700.0,54292,"Cua, ghẹ"
68701.0,54292,Ốc
68702.0,54292,Tôm
,54294,
68695.0,54296,Cá khô
68698.0,54296,Mực khô
68699.0,54296,Tôm khô
,54298,
,54300,
,54304,
68732.0,54306,"Củ, quả"
68733.0,54306,Măng tươi
68734.0,54308,"Hành, tỏi, ớt"
68735.0,54308,Rau gia vị
68736.0,54310,Hạt các loại
68737.0,54310,Nấm
,54312,
,54314,
68705.0,54318,Bánh mì
68706.0,54318,"Bún, phở tươi"
68709.0,54320,Đồ chua
68710.0,54320,Dưa muối
68711.0,54320,Mắm các loại
68712.0,54322,Khô ăn liền
68713.0,54322,Lạp xưởng
68714.0,54322,Nem
,54324,
68707.0,54326,Đậu hũ
68708.0,54326,Thực phẩm khác
,54328,
69007.0,44832,"Hủ tiếu, miến, phở ăn liền"
54390.0,44832,Mì ăn liền
69023.0,44832,Mì ý ăn liền
69029.0,44832,Súp ăn liền
69031.0,44832,Cháo ăn liền
69033.0,44832,Thực phẩm chế biến sẵn khác
54400.0,54398,Thịt hộp
54402.0,54398,"Rau củ, trái cây đóng hộp"
54404.0,54398,"Mật ong, mứt, cốt dừa"
54408.0,54398,"Đồ ăn kiêng, thể thao"
54410.0,54398,"Đồ hộp, đóng gói khác"
68926.0,54398,Cá hộp
68953.0,54398,Súp và mì ý đóng hộp
69038.0,69036,Rau củ muối
69041.0,69036,Thực phẩm bảo vệ sức khỏe
69042.0,69036,Thực phẩm bổ dưỡng
69043.0,69036,Thực phẩm cao cấp
69044.0,69036,Thực phẩm cho trẻ em
69242.0,69036,Thực phẩm chay
69349.0,69036,Thực phẩm hữu cơ
54386.0,54384,"Gạo, nếp"
54388.0,54384,"Mì, nui"
54392.0,54384,"Bánh tráng, bánh phở"
54394.0,54384,"Rong biển, nấm, măng khô"
69172.0,54384,Thực phẩm khô khác
69173.0,54384,Bún khô
69175.0,54384,Thịt sấy
,54336,
,54338,
,54340,
,54342,
,69080,
,69082,
69083.0,68719,Sữa Chua Uống & Ăn
69084.0,68719,Sữa Chức Năng Uống Liền
54334.0,68719,Sữa đậu nành
69085.0,68719,Sữa hạt
69086.0,68719,Sữa hương vị
69087.0,68719,Sữa nguyên kem
69088.0,68719,Sữa thanh trùng
54332.0,68719,Sữa Thực Vật
69090.0,68719,Sữa tiệt trùng (UHT)
,54346,
,54348,
68761.0,54350,Giò chả
68763.0,54350,"Pate, thịt nguội"
68766.0,54350,Xúc xích
68755.0,54352,"Mì, cơm đông lạnh"
68756.0,54352,Pizza
68754.0,54354,"Cá, tôm, bò viên"
68757.0,54354,Chả giò
68758.0,54354,Gà viên
68746.0,54356,"Bánh đông lạnh (Bánh bao, bánh mì,..)"
68752.0,54356,Bánh xếp
68753.0,54356,"Há cảo, sủi cảo"
68759.0,54358,Sandwich
68760.0,54358,"Mì, cơm ăn liền"
,54360,
69138.0,54364,Các loại dầu khác
69139.0,54364,Dầu đậu nành
69140.0,54364,Dầu dừa
69141.0,54364,"Dầu hướng dương, gạo"
69142.0,54364,"Dầu mè, phộng"
69143.0,54364,Dầu olive
69344.0,54364,Dầu thực vật
69144.0,54370,Bột canh
69145.0,54370,"Bột nghệ, bột tỏi, bột ớt"
69146.0,54370,Bột ngọt
54372.0,54370,Đường
69147.0,54370,Các loại gia vị khác
69148.0,54370,Các loại sốt
69149.0,54370,Dầu hào
54376.0,54370,Giấm
69150.0,54370,Hạt nêm
69151.0,54370,Muối
54378.0,54370,Tiêu
69152.0,54370,Rượu nấu ăn
69158.0,54374,Các loại nước chấm khác
54366.0,54374,Nước mắm
54368.0,54374,Tương ớt
69159.0,54374,Mayonnaise
69160.0,54374,Nước chấm
69161.0,54374,Tương cà
69162.0,54374,Nước tương
69163.0,54374,Tương đen
69153.0,54380,Chiết xuất và hương liệu
69154.0,54380,Kem béo và sốt ngọt
69155.0,54380,Pudding và gelatin
69156.0,54380,"Sirô, đường và chất tạo ngọt"
69157.0,54380,Sữa đặc và sữa bột
69345.0,54380,Các loại bột
69346.0,54380,Chocolate và cacao nướng bánh
69347.0,54380,Nguyên liệu làm bánh
69348.0,54380,Trái cây khô
,54382,
,54414,
69176.0,54416,Rượu vang đỏ
69177.0,54416,Rượu vang khác
69178.0,54416,Rượu vang trắng
69164.0,54672,Brandy
69165.0,54672,Các loại rượu mạnh khác
69166.0,54672,Gin
69167.0,54672,Rum
69168.0,54672,Rượu địa phương
69169.0,54672,Tequila
69170.0,54672,Vodka
69171.0,54672,Whisky
,69129,
,69130,
,69131,
,69132,
,69133,
69135.0,69134,Rượu gạo
69136.0,69134,Rượu Sake
69137.0,69134,Rượu Soju
,69174,
68869.0,54448,Khăn giấy ướt cho bé
68870.0,54448,Miếng lót sơ sinh
68967.0,54448,Tã bỉm dành cho người lớn
68988.0,54448,Tã dán
68989.0,54448,Tã quần
68996.0,54448,Tã vải
68800.0,54450,Combo đi sinh và gói quà tặng
68851.0,54450,Đồ dùng ăn uống cho bé
68885.0,54450,Đồ dùng bảo vệ bé
68904.0,54450,Đồ dùng đi chơi
68932.0,54450,Đồ dùng phòng ngủ cho bé
68954.0,54450,Đồ dùng vệ sinh cho bé
69014.0,54450,Dụng cụ chăm sóc sức khỏe
,54458,
,54464,
,68690,
,68691,
,68692,
,68693,
,68703,
68720.0,68704,Kẹo cao su
68721.0,68704,Kẹo cứng
68722.0,68704,Kẹo dẻo
68723.0,68704,Kẹo đóng hộp
68724.0,68704,Kẹo Marshmallow
68725.0,68704,Kẹo thanh
68726.0,68704,Kẹo the
54456.0,68704,Các loại kẹo khác
,68743,
,68744,
,68745,
54470.0,54468,Thức ăn thú cưng khác
68852.0,54468,Thức ăn cho cá
68853.0,54468,Thức ăn cho chim
68854.0,54468,Thức ăn cho chó
68855.0,54468,Thức ăn cho chuột
68856.0,54468,Thức ăn cho mèo
68801.0,54472,Các Loại Thú Nuôi Khác
68802.0,54472,Dành cho Cá
68815.0,54472,Dành cho chim
68817.0,54472,Dành cho chó
68842.0,54472,Dành Cho Chuột
68843.0,54472,Dành cho mèo
68762.0,68764,Các sản phẩm sức khỏe khác
68770.0,68764,Dược phẩm
68771.0,68764,Tẩy giun & diệt bọ chét
68772.0,68764,Vitamin & chất bổ sung dinh dưỡng
68783.0,68779,Các đồ dùng vệ sinh khác
68784.0,68779,Cát vệ sinh
68785.0,68779,Khay vệ sinh
68786.0,68779,Nhà vệ sinh
68791.0,68787,Bàn chải lông
68792.0,68787,Các dụng cụ chăm sóc khác
68793.0,68787,"Kìm cắt, bấm móng"
68794.0,68788,Các chất vệ sinh khác
68795.0,68788,Sữa tắm chó mèo
68796.0,68788,Xịt dưỡng lông
68797.0,68788,Xịt khử mùi
68656.0,54504,Giấy vệ sinh
68657.0,54504,Khăn ăn
68658.0,54504,Khăn giấy bếp
68659.0,54504,Khăn giấy khô
68641.0,54508,Diệt côn trùng dạng bột
68642.0,54508,Diệt côn trùng dạng nhang đốt
68643.0,54508,Diệt côn trùng dạng nước và tinh dầu
68645.0,54508,Diệt côn trùng dạng sáp và viên nén
68646.0,54508,Diệt côn trùng dạng xịt
,54510,
,54512,
54502.0,68661,Nước và các sản phẩm rửa chén
68672.0,68662,"Khử mùi, sáp thơm"
68679.0,68663,Bộ sản phẩm vệ sinh nhà cửa
,54516,
,54518,
,54520,
,54522,
,54524,
,54526,
,68748,
,68749,
,68750,
,68751,
54476.0,54474,"Kem đánh răng, bàn chải"
54488.0,54474,"Khăn tắm, khăn mặt"
54492.0,54474,"Băng vệ sinh, cốc nguyệt san"
54494.0,54474,Sản phẩm cạo râu
54498.0,54474,Bảo vệ sức khỏe
68872.0,54474,Chăm sóc mắt
68873.0,54474,Chăm sóc tai
68877.0,54474,"Chăm sóc tay, chân"
68886.0,54474,Dung dịch vệ sinh
68899.0,54474,Khăn giấy ướt
68900.0,54474,"Lăn, xịt khử mùi"
68909.0,54474,Sản phẩm chăm sóc cá nhân khác
68928.0,54474,Sản phẩm tẩy lông
54484.0,68857,Kem chống nắng
54482.0,68857,Sữa rửa mặt
69025.0,68857,Bộ chăm sóc da mặt
69026.0,68857,Bông tẩy trang
69027.0,68857,Chăm sóc môi
69034.0,68857,Chăm sóc vùng da mắt
69048.0,68857,Dung dịch tẩy trang
69049.0,68857,Kem và sữa dưỡng da
69054.0,68857,Mặt nạ
69058.0,68857,"Nước hoa hồng, toner"
69061.0,68857,Sản phẩm trị mụn và sẹo
69066.0,68857,Serum
69071.0,68857,Tẩy tế bào chết
69078.0,68857,Xịt khoáng
54478.0,68858,"Dầu gội, dầu xả"
54480.0,68858,Tạo kiểu tóc
69079.0,68858,Bộ chăm sóc tóc
69097.0,68858,"Dưỡng tóc, ủ tóc"
69112.0,68858,Thuốc nhuộm tóc
54496.0,68859,Bao cao su
69116.0,68859,Gel bôi trơn
69117.0,68859,Hỗ trợ tình dục khác
54486.0,54490,Tắm và dụng cụ tắm
68955.0,54490,Bộ chăm sóc cơ thể
68964.0,54490,Chăm sóc ngực
68980.0,54490,Chống nắng cơ thể
68990.0,54490,Dưỡng Thể
68998.0,54490,Kem tan mỡ
69008.0,54490,Massage toàn thân
69017.0,54490,Tẩy tế bào chết cơ thể
69024.0,54490,Trị rạn nứt da
,69046,
,69047,
69072.0,54426,Bột kem cà phê
69075.0,54426,Cà phê hạt
69076.0,54426,Cà phê hòa tan
69077.0,54426,Cà phê rang xay
69342.0,54426,Cafe Uống Liền
,54422,
69040.0,54424,Trà chức năng
69104.0,54424,Trà hòa tan
69105.0,54424,Trà mạn
69108.0,54424,Trà sữa
69110.0,54424,Trà thảo dược
69111.0,54424,Trà túi lọc
,69343,
,69119,
69121.0,69120,Nước có vị
69122.0,69120,Nước tinh khiết
54418.0,69120,Nước khoáng
69125.0,69123,Bột pha nước các loại
54420.0,69123,Nước ngọt có ga
69126.0,69123,Nước tăng lực & đồ uống thể thao
69127.0,69123,Nước thanh lọc
69128.0,69124,Nước dừa
54428.0,69124,Nước trái cây các loại
68715.0,54432,Đồ chay đóng hộp
68716.0,54432,Đồ chay khô
,54434,
68717.0,54436,Gia vị chay
68718.0,54436,Mì chay
,8512,
,8511,
,8513,
,7449,
,5384,
,5385,
,8516,
,27544,
,27546,
,49722,
,49724,
,49726,
,49728,
,68159,
,15250,
,15318,
,15320,
,15236,
,15936,
,27534,
,68612,
,68613,
,68614,
,68615,
,8351,
,6522,
,6521,
,27610,
,67134,
,6525,
,6524,
,67131,
,6523,
,7566,
,8388,
,49656,
,49658,
,49660,
27618.0,8390,Phụ kiện vali khác
27620.0,8390,Túi Bọc Bảo Vệ
8389.0,8390,Ổ khóa vali
,68143,
,68146,
,68147,
,8391,
24382.0,11314,Buffet BBQ
24384.0,11314,Buffet Hải Sản
24386.0,11314,Buffet Chay
24388.0,11314,Buffet Gọi Món
,11316,
,11317,
,11318,
,24390,
,24392,
,24394,
13342.0,11320,Khách sạn - Resort miền Bắc
13344.0,11320,Khách sạn - Resort miền Trung
13346.0,11320,Khách sạn - Resort miền Nam
13348.0,11321,Tour trong nước
13356.0,11321,Tour nước ngoài
,24378,
,24380,
,11323,
,11325,
13364.0,13360,Khiêu vũ
13366.0,13360,GYM
,24396,
,24398,
,24400,
,11328,
,11329,
,11330,
,11331,
,13368,
,13372,
,13370,
,12744,
,12746,
,13374,
,13376,
,13378,
,13380,
,13382,
,13384,
,13386,
,13388,
,49608,
,49610,
,49596,
,49598,
,49600,
,49602,
,49604,
,49606,
,49612,
,49614,
,49616,
,49618,
,49652,
,49654,
68151.0,8295,"Sáp thơm, Gel thơm"
68152.0,8295,Xịt phòng
68153.0,8295,Xịt phòng tự động
,4398,
68145.0,10237,Chất thông cống
,10238,
,4407,
,4409,
,4406,
,68142,
,4402,
,8239,
,4404,
,4403,
68156.0,4405,Sản phẩm tẩy quần áo
68157.0,4405,"Vệ sinh lồng giặt, Sản phẩm vệ sinh máy giặt"
68158.0,4405,Viên giặt
,10231,
,68132,
,68133,
,68137,
,68138,
,68139,
